{
    "RESULT": "PASS",
    "DATA": {
        "categories": [{
            "category": [{
                "label": "12-17"
            }, {
                "label": "12-16"
            }, {
                "label": "12-15"
            }, {
                "label": "12-14"
            }, {
                "label": "12-13"
            }]
        }],
        "macTotal":{
            "value":2600,
            "rate":1.53
        },
        "utidataset": [{
            "seriesname": "第一工厂",
            "data": [{
                "value": 70
            }, {
                "value": 50
            }, {
                "value": 30
            }, {
                "value": 50
            }, {
                "value": 30
            }]
        }, {
            "seriesname": "第二工厂",
            "data": [{
                "value": 20
            }, {
                "value": 60
            }, {
                "value": 30
            }, {
                "value": 60
            }, {
                "value": 30
            }]
        }, {
            "seriesname": "第三工厂",
            "data": [{
                "value": 40
            }, {
                "value": 50
            }, {
                "value": 80
            }, {
                "value": 50
            }, {
                "value": 80
            }]
        }, {
            "seriesname": "第四工厂",
            "data": [{
                "value": 50
            }, {
                "value": 60
            }, {
                "value": 90
            }, {
                "value": 50
            }, {
                "value": 80
            }]
        }],
        "outputsdataset": [{
            "seriesname": "第一工厂",
            "data": [{
                "value": 70
            }, {
                "value": 50
            }, {
                "value": 30
            }, {
                "value": 50
            }, {
                "value": 30
            }]
        }, {
            "seriesname": "第二工厂",
            "data": [{
                "value": 20
            }, {
                "value": 60
            }, {
                "value": 30
            }, {
                "value": 60
            }, {
                "value": 30
            }]
        }, {
            "seriesname": "第三工厂",
            "data": [{
                "value": 40
            }, {
                "value": 50
            }, {
                "value": 80
            }, {
                "value": 50
            }, {
                "value": 80
            }]
        }, {
            "seriesname": "第四工厂",
            "data": [{
                "value": 50
            }, {
                "value": 60
            }, {
                "value": 90
            }, {
                "value": 60
            }, {
                "value": 90
            }]
        }]
    }
}
