{
    "RESULT": "PASS",
    "DATA": {
        "projectdata": [{
            "label": "proj1",
            "value": 44.36
        }, {
            "label": "proj2",
            "value": 48.13
        }, {
            "label": "proj3",
            "value": 72.11
        }, {
            "label": "proj4",
            "value": 60.33
        }],
        "processType": {
            "proj1": [{
                "label": "CNC1",
                "value": 84.36
            }, {
                "label": "CNC2",
                "value": 48.13
            }],
            "proj2": [{
                "label": "CNC1",
                "value": 84.36
            }, {
                "label": "CNC2",
                "value": 48.13
            }],
            "proj3": [{
                "label": "CNC1",
                "value": 84.36
            }, {
                "label": "CNC2",
                "value": 48.13
            }],
            "proj4": [{
                "label": "CNC1",
                "value": 84.36
            }, {
                "label": "CNC2",
                "value": 48.13
            }]
        }
    }
}
