{
    "RESULT": "PASS",
    "DATA": {
        "type": ["CNC1", "CNC2"],
        "categories": [{
            "category": [{
                "label": "proj1"
            }, {
                "label": "proj2"
            }, {
                "label": "proj3"
            }, {
                "label": "proj4"
            }]
        }],
        "dataset": [{
            "seriesname": "白班",
            "data": [{
                "value": "11000"
            }, {
                "value": "15000"
            }, {
                "value": "13500"
            }, {
                "value": "15000"
            }]
        }, {
            "seriesname": "晚班",
            "data": [{
                "value": "11400"
            }, {
                "value": "14800"
            }, {
                "value": "8300"
            }, {
                "value": "11800"
            }]
        }],
        "outputs": {
            "proj1": [{
                "label": "8:00-10:00",
                "value": 84.36
            }, {
                "label": "10:00-12:00",
                "value": 48.13
            }, {
                "label": "12:00-14:00",
                "value": 72.11
            }, {
                "label": "14:00-16:00",
                "value": 60.33
            }, {
                "label": "16:00-18:00",
                "value": 48.13
            }, {
                "label": "18:00-20:00",
                "value": 72.11
            }, {
                "label": "20:00-22:00",
                "value": 60.33
            }, {
                "label": "22:00-24:00",
                "value": 48.13
            }, {
                "label": "00:00-2:00",
                "value": 72.11
            }, {
                "label": "2:00-4:00",
                "value": 60.33
            }, {
                "label": "4:00-6:00",
                "value": 72.11
            }, {
                "label": "6:00-8:00",
                "value": 60.33
            }],
            "proj2": [{
                "label": "8:00-10:00",
                "value": 84.36
            }, {
                "label": "10:00-12:00",
                "value": 48.13
            }, {
                "label": "12:00-14:00",
                "value": 72.11
            }, {
                "label": "14:00-16:00",
                "value": 60.33
            }, {
                "label": "16:00-18:00",
                "value": 48.13
            }, {
                "label": "18:00-20:00",
                "value": 72.11
            }, {
                "label": "20:00-22:00",
                "value": 60.33
            }, {
                "label": "22:00-24:00",
                "value": 48.13
            }, {
                "label": "00:00-2:00",
                "value": 72.11
            }, {
                "label": "2:00-4:00",
                "value": 60.33
            }, {
                "label": "4:00-6:00",
                "value": 72.11
            }, {
                "label": "6:00-8:00",
                "value": 60.33
            }],
            "proj3": [{
                "label": "8:00-10:00",
                "value": 84.36
            }, {
                "label": "10:00-12:00",
                "value": 48.13
            }, {
                "label": "12:00-14:00",
                "value": 72.11
            }, {
                "label": "14:00-16:00",
                "value": 60.33
            }, {
                "label": "16:00-18:00",
                "value": 48.13
            }, {
                "label": "18:00-20:00",
                "value": 72.11
            }, {
                "label": "20:00-22:00",
                "value": 60.33
            }, {
                "label": "22:00-24:00",
                "value": 48.13
            }, {
                "label": "00:00-2:00",
                "value": 72.11
            }, {
                "label": "2:00-4:00",
                "value": 60.33
            }, {
                "label": "4:00-6:00",
                "value": 72.11
            }, {
                "label": "6:00-8:00",
                "value": 60.33
            }],
            "proj4": [{
                "label": "8:00-10:00",
                "value": 84.36
            }, {
                "label": "10:00-12:00",
                "value": 48.13
            }, {
                "label": "12:00-14:00",
                "value": 72.11
            }, {
                "label": "14:00-16:00",
                "value": 60.33
            }, {
                "label": "16:00-18:00",
                "value": 48.13
            }, {
                "label": "18:00-20:00",
                "value": 72.11
            }, {
                "label": "20:00-22:00",
                "value": 60.33
            }, {
                "label": "22:00-24:00",
                "value": 48.13
            }, {
                "label": "00:00-2:00",
                "value": 72.11
            }, {
                "label": "2:00-4:00",
                "value": 60.33
            }, {
                "label": "4:00-6:00",
                "value": 72.11
            }, {
                "label": "6:00-8:00",
                "value": 60.33
            }]
        }
    }
}