{
    "RESULT": "PASS",
    "DATA": [{
        "title": "第一工厂",
        "data": [{
            "label": "在线",
            "value": 356
        }, {
            "label": "维修",
            "value": 1
        }, {
            "label": "待机",
            "value": 221
        }, {
            "label": "离线",
            "value": 63
        }]
    }, {
        "title": "第二工厂",
        "data": [{
            "label": "在线",
            "value": 300
        }, {
            "label": "维修",
            "value": 100
        }, {
            "label": "待机",
            "value": 100
        }, {
            "label": "离线",
            "value": 60
        }]
    }, {
        "title": "第三工厂",
        "data": [{
            "label": "在线",
            "value": 300
        }, {
            "label": "维修",
            "value": 100
        }, {
            "label": "待机",
            "value": 100
        }, {
            "label": "离线",
            "value": 60
        }]
    }, {
        "title": "第四工厂",
        "data": [{
            "label": "在线",
            "value": 300
        }, {
            "label": "维修",
            "value": 100
        }, {
            "label": "待机",
            "value": 100
        }, {
            "label": "离线",
            "value": 60
        }]
    }],
    "TOTAL": [{
        "seriesname": "在线",
        "data": [{
            "value": "3000"
        }]
    }, {
        "seriesname": "待机",
        "data": [{
            "value": "1000"
        }]
    }, {
        "seriesname": "维修",
        "data": [{
            "value": "1000"
        }]
    }, {
        "seriesname": "离线",
        "data": [{
            "value": "600"
        }]
    }]
}
