{
  "TOTAL": [
    {
      "seriesname": "开机",
      "data": [
        {
          "value": "698"
        }
      ]
    },
    {
      "seriesname": "待机",
      "data": [
        {
          "value": "523"
        }
      ]
    },
    {
      "seriesname": "离线",
      "data": [
        {
          "value": "201"
        }
      ]
    },
    {
      "seriesname": "维修",
      "data": [
        {
          "value": "0"
        }
      ]
    }
  ],
  "RESULT": "PASS",
  "DATA": [
    {
      "title": "2号厂房",
      "data": [
        {
          "label": "开机",
          "value": "459"
        },
        {
          "label": "待机",
          "value": "356"
        },
        {
          "label": "离线",
          "value": "193"
        },
        {
          "label": "维修",
          "value": "0"
        }
      ],
      "macList":[{"name":"1","status":"待机","class_name":"balanced","x":"780.0","y":"70.0"},{"name":"2","status":"待机","class_name":"balanced","x":"780.0","y":"85.0"},{"name":"3","status":"待机","class_name":"balanced","x":"780.0","y":"100.0"},{"name":"4","status":"待机","class_name":"balanced","x":"780.0","y":"115.0"},{"name":"5","status":"待机","class_name":"balanced","x":"780.0","y":"130.0"},{"name":"6","status":"待机","class_name":"balanced","x":"780.0","y":"55.0"},{"name":"7","status":"待机","class_name":"balanced","x":"780.0","y":"205.0"},{"name":"8","status":"开机","class_name":"positive","x":"780.0","y":"190.0"},{"name":"9","status":"待机","class_name":"balanced","x":"780.0","y":"175.0"},{"name":"10","status":"待机","class_name":"balanced","x":"820.0","y":"85.0"},{"name":"11","status":"待机","class_name":"balanced","x":"820.0","y":"100.0"},{"name":"12","status":"待机","class_name":"balanced","x":"820.0","y":"115.0"},{"name":"13","status":"待机","class_name":"balanced","x":"780.0","y":"160.0"},{"name":"14","status":"待机","class_name":"balanced","x":"780.0","y":"145.0"},{"name":"15","status":"待机","class_name":"balanced","x":"800.0","y":"175.0"},{"name":"16","status":"待机","class_name":"balanced","x":"800.0","y":"190.0"},{"name":"17","status":"开机","class_name":"positive","x":"800","y":"205"},{"name":"18","status":"待机","class_name":"balanced","x":"820.0","y":"70.0"},{"name":"19","status":"待机","class_name":"balanced","x":"820.0","y":"55.0"},{"name":"20","status":"待机","class_name":"balanced","x":"800.0","y":"115.0"},{"name":"21","status":"待机","class_name":"balanced","x":"800.0","y":"130.0"},{"name":"22","status":"待机","class_name":"balanced","x":"800.0","y":"145.0"},{"name":"23","status":"待机","class_name":"balanced","x":"800.0","y":"160.0"},{"name":"24","status":"开机","class_name":"positive","x":"840.0","y":"145.0"},{"name":"25","status":"开机","class_name":"positive","x":"840.0","y":"160.0"},{"name":"26","status":"开机","class_name":"positive","x":"840.0","y":"175.0"},{"name":"27","status":"开机","class_name":"positive","x":"840.0","y":"190.0"},{"name":"28","status":"开机","class_name":"positive","x":"840.0","y":"205.0"},{"name":"32","status":"待机","class_name":"balanced","x":"660","y":"55"},{"name":"33","status":"待机","class_name":"balanced","x":"640.0","y":"55.0"},{"name":"38","status":"开机","class_name":"positive","x":"840.0","y":"130.0"},{"name":"39","status":"待机","class_name":"balanced","x":"640.0","y":"205.0"},{"name":"40","status":"待机","class_name":"balanced","x":"660.0","y":"205.0"},{"name":"65","status":"待机","class_name":"balanced","x":"800.0","y":"55.0"},{"name":"66","status":"开机","class_name":"positive","x":"800.0","y":"70.0"},{"name":"67","status":"待机","class_name":"balanced","x":"800.0","y":"85.0"},{"name":"68","status":"待机","class_name":"balanced","x":"800.0","y":"100.0"},{"name":"69","status":"待机","class_name":"balanced","x":"240","y":"55"},{"name":"70","status":"开机","class_name":"positive","x":"240","y":"70"},{"name":"71","status":"待机","class_name":"balanced","x":"240.0","y":"85.0"},{"name":"72","status":"待机","class_name":"balanced","x":"240.0","y":"100.0"},{"name":"73","status":"开机","class_name":"positive","x":"240.0","y":"115.0"},{"name":"74","status":"待机","class_name":"balanced","x":"240.0","y":"130.0"},{"name":"75","status":"待机","class_name":"balanced","x":"240.0","y":"145.0"},{"name":"76","status":"待机","class_name":"balanced","x":"240.0","y":"160.0"},{"name":"77","status":"待机","class_name":"balanced","x":"240.0","y":"175.0"},{"name":"78","status":"待机","class_name":"balanced","x":"240.0","y":"190.0"},{"name":"79","status":"待机","class_name":"balanced","x":"240.0","y":"205.0"},{"name":"96","status":"开机","class_name":"positive","x":"260.0","y":"205.0"},{"name":"97","status":"开机","class_name":"positive","x":"260.0","y":"190.0"},{"name":"98","status":"开机","class_name":"positive","x":"260.0","y":"175.0"},{"name":"99","status":"开机","class_name":"positive","x":"260.0","y":"160.0"},{"name":"100","status":"开机","class_name":"positive","x":"260.0","y":"145.0"},{"name":"101","status":"开机","class_name":"positive","x":"260.0","y":"130.0"},{"name":"102","status":"开机","class_name":"positive","x":"260.0","y":"115.0"},{"name":"103","status":"开机","class_name":"positive","x":"260.0","y":"100.0"},{"name":"104","status":"开机","class_name":"positive","x":"260.0","y":"85.0"},{"name":"105","status":"待机","class_name":"balanced","x":"260.0","y":"70.0"},{"name":"106","status":"开机","class_name":"positive","x":"260.0","y":"55.0"},{"name":"107","status":"开机","class_name":"positive","x":"280.0","y":"55.0"},{"name":"108","status":"开机","class_name":"positive","x":"280.0","y":"70.0"},{"name":"109","status":"开机","class_name":"positive","x":"280.0","y":"85.0"},{"name":"110","status":"开机","class_name":"positive","x":"280.0","y":"100.0"},{"name":"111","status":"开机","class_name":"positive","x":"280.0","y":"115.0"},{"name":"112","status":"开机","class_name":"positive","x":"280.0","y":"130.0"},{"name":"113","status":"开机","class_name":"positive","x":"280.0","y":"145.0"},{"name":"114","status":"开机","class_name":"positive","x":"280.0","y":"160.0"},{"name":"115","status":"开机","class_name":"positive","x":"280.0","y":"175.0"},{"name":"116","status":"开机","class_name":"positive","x":"280.0","y":"190.0"},{"name":"117","status":"开机","class_name":"positive","x":"280.0","y":"205.0"},{"name":"134","status":"开机","class_name":"positive","x":"300.0","y":"205.0"},{"name":"135","status":"开机","class_name":"positive","x":"300.0","y":"190.0"},{"name":"136","status":"开机","class_name":"positive","x":"300.0","y":"175.0"},{"name":"137","status":"开机","class_name":"positive","x":"300.0","y":"160.0"},{"name":"138","status":"开机","class_name":"positive","x":"300.0","y":"145.0"},{"name":"139","status":"开机","class_name":"positive","x":"300.0","y":"130.0"},{"name":"140","status":"开机","class_name":"positive","x":"300.0","y":"115.0"},{"name":"141","status":"待机","class_name":"balanced","x":"300.0","y":"100.0"},{"name":"142","status":"待机","class_name":"balanced","x":"300.0","y":"85.0"},{"name":"143","status":"待机","class_name":"balanced","x":"300.0","y":"70.0"},{"name":"144","status":"待机","class_name":"balanced","x":"300.0","y":"55.0"},{"name":"145","status":"开机","class_name":"positive","x":"320.0","y":"55.0"},{"name":"146","status":"待机","class_name":"balanced","x":"320.0","y":"70.0"},{"name":"147","status":"开机","class_name":"positive","x":"320.0","y":"85.0"},{"name":"148","status":"待机","class_name":"balanced","x":"320.0","y":"100.0"},{"name":"149","status":"开机","class_name":"positive","x":"320.0","y":"115.0"},{"name":"150","status":"离线","class_name":"energized","x":"320","y":"130"},{"name":"151","status":"开机","class_name":"positive","x":"320.0","y":"145.0"},{"name":"152","status":"离线","class_name":"energized","x":"320","y":"160"},{"name":"153","status":"开机","class_name":"positive","x":"320.0","y":"175.0"},{"name":"154","status":"离线","class_name":"energized","x":"320.0","y":"190.0"},{"name":"155","status":"开机","class_name":"positive","x":"320.0","y":"205.0"},{"name":"172","status":"开机","class_name":"positive","x":"340.0","y":"205.0"},{"name":"173","status":"开机","class_name":"positive","x":"340.0","y":"190.0"},{"name":"174","status":"开机","class_name":"positive","x":"340.0","y":"175.0"},{"name":"175","status":"开机","class_name":"positive","x":"340.0","y":"160.0"},{"name":"176","status":"开机","class_name":"positive","x":"340.0","y":"145.0"},{"name":"177","status":"开机","class_name":"positive","x":"340.0","y":"130.0"},{"name":"178","status":"开机","class_name":"positive","x":"340.0","y":"115.0"},{"name":"179","status":"开机","class_name":"positive","x":"340.0","y":"100.0"},{"name":"180","status":"开机","class_name":"positive","x":"340.0","y":"85.0"},{"name":"181","status":"待机","class_name":"balanced","x":"340.0","y":"70.0"},{"name":"182","status":"开机","class_name":"positive","x":"340.0","y":"55.0"},{"name":"183","status":"开机","class_name":"positive","x":"360.0","y":"55.0"},{"name":"184","status":"开机","class_name":"positive","x":"360.0","y":"70.0"},{"name":"185","status":"开机","class_name":"positive","x":"360.0","y":"85.0"},{"name":"186","status":"开机","class_name":"positive","x":"360.0","y":"100.0"},{"name":"187","status":"开机","class_name":"positive","x":"360.0","y":"115.0"},{"name":"188","status":"待机","class_name":"balanced","x":"360.0","y":"130.0"},{"name":"189","status":"开机","class_name":"positive","x":"360.0","y":"145.0"},{"name":"190","status":"开机","class_name":"positive","x":"360.0","y":"160.0"},{"name":"191","status":"开机","class_name":"positive","x":"360.0","y":"175.0"},{"name":"192","status":"离线","class_name":"energized","x":"360.0","y":"190.0"},{"name":"193","status":"开机","class_name":"positive","x":"360.0","y":"205.0"},{"name":"210","status":"开机","class_name":"positive","x":"380.0","y":"205.0"},{"name":"211","status":"开机","class_name":"positive","x":"380.0","y":"190.0"},{"name":"212","status":"开机","class_name":"positive","x":"380.0","y":"175.0"},{"name":"213","status":"开机","class_name":"positive","x":"380.0","y":"160.0"},{"name":"214","status":"开机","class_name":"positive","x":"380.0","y":"145.0"},{"name":"215","status":"离线","class_name":"energized","x":"380","y":"130"},{"name":"216","status":"开机","class_name":"positive","x":"380.0","y":"115.0"},{"name":"217","status":"开机","class_name":"positive","x":"380.0","y":"100.0"},{"name":"218","status":"开机","class_name":"positive","x":"380.0","y":"85.0"},{"name":"219","status":"开机","class_name":"positive","x":"380.0","y":"70.0"},{"name":"220","status":"开机","class_name":"positive","x":"380.0","y":"55.0"},{"name":"221","status":"待机","class_name":"balanced","x":"400.0","y":"55.0"},{"name":"222","status":"待机","class_name":"balanced","x":"400.0","y":"70.0"},{"name":"223","status":"待机","class_name":"balanced","x":"400.0","y":"85.0"},{"name":"224","status":"开机","class_name":"positive","x":"400.0","y":"100.0"},{"name":"225","status":"开机","class_name":"positive","x":"400.0","y":"115.0"},{"name":"226","status":"待机","class_name":"balanced","x":"400.0","y":"130.0"},{"name":"227","status":"开机","class_name":"positive","x":"400.0","y":"145.0"},{"name":"228","status":"开机","class_name":"positive","x":"400.0","y":"160.0"},{"name":"229","status":"开机","class_name":"positive","x":"400.0","y":"175.0"},{"name":"230","status":"待机","class_name":"balanced","x":"400.0","y":"190.0"},{"name":"231","status":"开机","class_name":"positive","x":"400.0","y":"205.0"},{"name":"248","status":"开机","class_name":"positive","x":"420.0","y":"205.0"},{"name":"249","status":"开机","class_name":"positive","x":"420.0","y":"190.0"},{"name":"250","status":"开机","class_name":"positive","x":"420.0","y":"175.0"},{"name":"251","status":"开机","class_name":"positive","x":"420.0","y":"160.0"},{"name":"252","status":"开机","class_name":"positive","x":"420.0","y":"145.0"},{"name":"253","status":"开机","class_name":"positive","x":"420.0","y":"130.0"},{"name":"254","status":"开机","class_name":"positive","x":"420.0","y":"115.0"},{"name":"255","status":"开机","class_name":"positive","x":"420.0","y":"100.0"},{"name":"256","status":"待机","class_name":"balanced","x":"420.0","y":"85.0"},{"name":"257","status":"开机","class_name":"positive","x":"420.0","y":"70.0"},{"name":"258","status":"待机","class_name":"balanced","x":"420.0","y":"55.0"},{"name":"324","status":"开机","class_name":"positive","x":"840.0","y":"55.0"},{"name":"325","status":"开机","class_name":"positive","x":"840.0","y":"70.0"},{"name":"326","status":"开机","class_name":"positive","x":"840.0","y":"85.0"},{"name":"327","status":"开机","class_name":"positive","x":"840.0","y":"100.0"},{"name":"328","status":"开机","class_name":"positive","x":"840.0","y":"115.0"},{"name":"329","status":"待机","class_name":"balanced","x":"820.0","y":"205.0"},{"name":"330","status":"待机","class_name":"balanced","x":"820.0","y":"130.0"},{"name":"331","status":"待机","class_name":"balanced","x":"820.0","y":"145.0"},{"name":"332","status":"待机","class_name":"balanced","x":"820.0","y":"190.0"},{"name":"333","status":"待机","class_name":"balanced","x":"820.0","y":"175.0"},{"name":"334","status":"待机","class_name":"balanced","x":"820.0","y":"160.0"},{"name":"399","status":"待机","class_name":"balanced","x":"580.0","y":"205.0"},{"name":"400","status":"待机","class_name":"balanced","x":"580.0","y":"190.0"},{"name":"401","status":"待机","class_name":"balanced","x":"580.0","y":"175.0"},{"name":"402","status":"待机","class_name":"balanced","x":"580.0","y":"160.0"},{"name":"403","status":"离线","class_name":"energized","x":"580.0","y":"145.0"},{"name":"404","status":"待机","class_name":"balanced","x":"580.0","y":"130.0"},{"name":"405","status":"待机","class_name":"balanced","x":"580.0","y":"115.0"},{"name":"406","status":"待机","class_name":"balanced","x":"580.0","y":"100.0"},{"name":"407","status":"待机","class_name":"balanced","x":"580.0","y":"85.0"},{"name":"408","status":"待机","class_name":"balanced","x":"580.0","y":"70.0"},{"name":"409","status":"待机","class_name":"balanced","x":"580","y":"55"},{"name":"410","status":"待机","class_name":"balanced","x":"600.0","y":"55.0"},{"name":"411","status":"待机","class_name":"balanced","x":"600.0","y":"70.0"},{"name":"412","status":"待机","class_name":"balanced","x":"600.0","y":"85.0"},{"name":"413","status":"待机","class_name":"balanced","x":"600.0","y":"100.0"},{"name":"414","status":"待机","class_name":"balanced","x":"600.0","y":"115.0"},{"name":"415","status":"待机","class_name":"balanced","x":"600.0","y":"130.0"},{"name":"416","status":"开机","class_name":"positive","x":"600.0","y":"145.0"},{"name":"417","status":"待机","class_name":"balanced","x":"600.0","y":"160.0"},{"name":"418","status":"待机","class_name":"balanced","x":"600.0","y":"175.0"},{"name":"419","status":"开机","class_name":"positive","x":"600.0","y":"190.0"},{"name":"420","status":"开机","class_name":"positive","x":"600.0","y":"205.0"},{"name":"436","status":"开机","class_name":"positive","x":"620.0","y":"205.0"},{"name":"437","status":"待机","class_name":"balanced","x":"620.0","y":"190.0"},{"name":"438","status":"待机","class_name":"balanced","x":"620.0","y":"175.0"},{"name":"439","status":"待机","class_name":"balanced","x":"620.0","y":"160.0"},{"name":"440","status":"待机","class_name":"balanced","x":"620.0","y":"145.0"},{"name":"441","status":"待机","class_name":"balanced","x":"620","y":"130"},{"name":"442","status":"待机","class_name":"balanced","x":"620.0","y":"115.0"},{"name":"443","status":"待机","class_name":"balanced","x":"620.0","y":"100.0"},{"name":"444","status":"待机","class_name":"balanced","x":"620.0","y":"85.0"},{"name":"445","status":"待机","class_name":"balanced","x":"620.0","y":"70.0"},{"name":"446","status":"待机","class_name":"balanced","x":"620.0","y":"55.0"},{"name":"447","status":"待机","class_name":"balanced","x":"640.0","y":"100.0"},{"name":"448","status":"待机","class_name":"balanced","x":"660.0","y":"115.0"},{"name":"449","status":"待机","class_name":"balanced","x":"660.0","y":"130.0"},{"name":"450","status":"待机","class_name":"balanced","x":"660.0","y":"145.0"},{"name":"451","status":"待机","class_name":"balanced","x":"660.0","y":"160.0"},{"name":"452","status":"待机","class_name":"balanced","x":"660.0","y":"175.0"},{"name":"453","status":"开机","class_name":"positive","x":"660.0","y":"190.0"},{"name":"458","status":"待机","class_name":"balanced","x":"640.0","y":"190.0"},{"name":"459","status":"待机","class_name":"balanced","x":"640.0","y":"175.0"},{"name":"460","status":"待机","class_name":"balanced","x":"640.0","y":"160.0"},{"name":"461","status":"待机","class_name":"balanced","x":"640.0","y":"145.0"},{"name":"462","status":"待机","class_name":"balanced","x":"640.0","y":"130.0"},{"name":"463","status":"待机","class_name":"balanced","x":"640.0","y":"115.0"},{"name":"464","status":"待机","class_name":"balanced","x":"660.0","y":"100.0"},{"name":"465","status":"待机","class_name":"balanced","x":"660.0","y":"85.0"},{"name":"466","status":"待机","class_name":"balanced","x":"660.0","y":"70.0"},{"name":"467","status":"待机","class_name":"balanced","x":"640.0","y":"85.0"},{"name":"468","status":"待机","class_name":"balanced","x":"640.0","y":"70.0"},{"name":"469","status":"待机","class_name":"balanced","x":"680.0","y":"55.0"},{"name":"470","status":"待机","class_name":"balanced","x":"680.0","y":"70.0"},{"name":"471","status":"待机","class_name":"balanced","x":"680.0","y":"85.0"},{"name":"472","status":"待机","class_name":"balanced","x":"680.0","y":"100.0"},{"name":"473","status":"待机","class_name":"balanced","x":"680.0","y":"115.0"},{"name":"474","status":"待机","class_name":"balanced","x":"680.0","y":"130.0"},{"name":"475","status":"开机","class_name":"positive","x":"680.0","y":"145.0"},{"name":"476","status":"待机","class_name":"balanced","x":"680.0","y":"160.0"},{"name":"477","status":"待机","class_name":"balanced","x":"680.0","y":"175.0"},{"name":"478","status":"待机","class_name":"balanced","x":"680.0","y":"190.0"},{"name":"479","status":"待机","class_name":"balanced","x":"680.0","y":"205.0"},{"name":"480","status":"待机","class_name":"balanced","x":"700.0","y":"205.0"},{"name":"481","status":"开机","class_name":"positive","x":"700.0","y":"190.0"},{"name":"482","status":"待机","class_name":"balanced","x":"700.0","y":"175.0"},{"name":"483","status":"待机","class_name":"balanced","x":"700.0","y":"160.0"},{"name":"484","status":"待机","class_name":"balanced","x":"700.0","y":"145.0"},{"name":"485","status":"待机","class_name":"balanced","x":"700.0","y":"130.0"},{"name":"486","status":"待机","class_name":"balanced","x":"700.0","y":"115.0"},{"name":"487","status":"待机","class_name":"balanced","x":"700.0","y":"100.0"},{"name":"488","status":"开机","class_name":"positive","x":"700.0","y":"85.0"},{"name":"489","status":"待机","class_name":"balanced","x":"700.0","y":"70.0"},{"name":"490","status":"待机","class_name":"balanced","x":"700.0","y":"55.0"},{"name":"491","status":"待机","class_name":"balanced","x":"720.0","y":"55.0"},{"name":"492","status":"待机","class_name":"balanced","x":"720.0","y":"70.0"},{"name":"493","status":"待机","class_name":"balanced","x":"720.0","y":"85.0"},{"name":"494","status":"待机","class_name":"balanced","x":"720.0","y":"100.0"},{"name":"495","status":"待机","class_name":"balanced","x":"720","y":"115"},{"name":"496","status":"待机","class_name":"balanced","x":"720.0","y":"130.0"},{"name":"497","status":"待机","class_name":"balanced","x":"720.0","y":"145.0"},{"name":"498","status":"待机","class_name":"balanced","x":"720.0","y":"160.0"},{"name":"499","status":"待机","class_name":"balanced","x":"720.0","y":"175.0"},{"name":"500","status":"待机","class_name":"balanced","x":"720.0","y":"190.0"},{"name":"501","status":"待机","class_name":"balanced","x":"720.0","y":"205.0"},{"name":"502","status":"待机","class_name":"balanced","x":"740.0","y":"205.0"},{"name":"503","status":"待机","class_name":"balanced","x":"740.0","y":"190.0"},{"name":"504","status":"待机","class_name":"balanced","x":"740.0","y":"175.0"},{"name":"505","status":"待机","class_name":"balanced","x":"740.0","y":"160.0"},{"name":"506","status":"待机","class_name":"balanced","x":"740.0","y":"145.0"},{"name":"507","status":"待机","class_name":"balanced","x":"740.0","y":"130.0"},{"name":"508","status":"待机","class_name":"balanced","x":"740.0","y":"115.0"},{"name":"509","status":"待机","class_name":"balanced","x":"740.0","y":"100.0"},{"name":"510","status":"待机","class_name":"balanced","x":"740.0","y":"85.0"},{"name":"511","status":"待机","class_name":"balanced","x":"740.0","y":"70.0"},{"name":"512","status":"待机","class_name":"balanced","x":"740.0","y":"55.0"},{"name":"513","status":"待机","class_name":"balanced","x":"760.0","y":"55.0"},{"name":"514","status":"待机","class_name":"balanced","x":"760.0","y":"70.0"},{"name":"515","status":"待机","class_name":"balanced","x":"760.0","y":"85.0"},{"name":"516","status":"待机","class_name":"balanced","x":"760.0","y":"100.0"},{"name":"517","status":"待机","class_name":"balanced","x":"760.0","y":"115.0"},{"name":"518","status":"待机","class_name":"balanced","x":"760.0","y":"130.0"},{"name":"519","status":"待机","class_name":"balanced","x":"760.0","y":"145.0"},{"name":"520","status":"开机","class_name":"positive","x":"760.0","y":"160.0"},{"name":"521","status":"待机","class_name":"balanced","x":"760.0","y":"175.0"},{"name":"522","status":"待机","class_name":"balanced","x":"760.0","y":"190.0"},{"name":"523","status":"待机","class_name":"balanced","x":"760.0","y":"205.0"},{"name":"524","status":"开机","class_name":"positive","x":"66","y":"78"},{"name":"525","status":"开机","class_name":"positive","x":"880.0","y":"325.0"},{"name":"526","status":"开机","class_name":"positive","x":"880.0","y":"310.0"},{"name":"527","status":"开机","class_name":"positive","x":"880.0","y":"295.0"},{"name":"528","status":"开机","class_name":"positive","x":"880.0","y":"280.0"},{"name":"529","status":"开机","class_name":"positive","x":"880.0","y":"265.0"},{"name":"530","status":"待机","class_name":"balanced","x":"880.0","y":"250.0"},{"name":"531","status":"开机","class_name":"positive","x":"880.0","y":"235.0"},{"name":"532","status":"离线","class_name":"energized","x":"880.0","y":"205.0"},{"name":"533","status":"开机","class_name":"positive","x":"880.0","y":"190.0"},{"name":"534","status":"开机","class_name":"positive","x":"880.0","y":"175.0"},{"name":"535","status":"开机","class_name":"positive","x":"880.0","y":"160.0"},{"name":"536","status":"待机","class_name":"balanced","x":"880.0","y":"145.0"},{"name":"537","status":"开机","class_name":"positive","x":"880.0","y":"130.0"},{"name":"538","status":"开机","class_name":"positive","x":"880.0","y":"115.0"},{"name":"539","status":"开机","class_name":"positive","x":"880.0","y":"100.0"},{"name":"540","status":"开机","class_name":"positive","x":"880.0","y":"85.0"},{"name":"541","status":"离线","class_name":"energized","x":"880.0","y":"70.0"},{"name":"542","status":"开机","class_name":"positive","x":"880.0","y":"55.0"},{"name":"543","status":"开机","class_name":"positive","x":"900.0","y":"55.0"},{"name":"544","status":"开机","class_name":"positive","x":"900.0","y":"70.0"},{"name":"545","status":"开机","class_name":"positive","x":"900.0","y":"85.0"},{"name":"546","status":"离线","class_name":"energized","x":"900.0","y":"100.0"},{"name":"547","status":"开机","class_name":"positive","x":"900.0","y":"115.0"},{"name":"548","status":"开机","class_name":"positive","x":"900.0","y":"130.0"},{"name":"549","status":"开机","class_name":"positive","x":"900.0","y":"145.0"},{"name":"550","status":"开机","class_name":"positive","x":"900.0","y":"160.0"},{"name":"551","status":"开机","class_name":"positive","x":"900.0","y":"175.0"},{"name":"552","status":"开机","class_name":"positive","x":"900.0","y":"190.0"},{"name":"553","status":"开机","class_name":"positive","x":"900.0","y":"205.0"},{"name":"554","status":"开机","class_name":"positive","x":"900.0","y":"235.0"},{"name":"555","status":"开机","class_name":"positive","x":"900.0","y":"250.0"},{"name":"556","status":"开机","class_name":"positive","x":"900.0","y":"265.0"},{"name":"557","status":"开机","class_name":"positive","x":"900.0","y":"280.0"},{"name":"558","status":"开机","class_name":"positive","x":"900.0","y":"295.0"},{"name":"559","status":"开机","class_name":"positive","x":"900.0","y":"310.0"},{"name":"560","status":"开机","class_name":"positive","x":"900.0","y":"325.0"},{"name":"561","status":"开机","class_name":"positive","x":"22","y":"127"},{"name":"562","status":"开机","class_name":"positive","x":"65","y":"59"},{"name":"563","status":"开机","class_name":"positive","x":"920.0","y":"325.0"},{"name":"564","status":"开机","class_name":"positive","x":"920.0","y":"310.0"},{"name":"565","status":"开机","class_name":"positive","x":"920.0","y":"295.0"},{"name":"566","status":"开机","class_name":"positive","x":"920.0","y":"280.0"},{"name":"567","status":"待机","class_name":"balanced","x":"920.0","y":"265.0"},{"name":"568","status":"开机","class_name":"positive","x":"920.0","y":"250.0"},{"name":"569","status":"开机","class_name":"positive","x":"920.0","y":"235.0"},{"name":"570","status":"开机","class_name":"positive","x":"920.0","y":"205.0"},{"name":"571","status":"开机","class_name":"positive","x":"920.0","y":"190.0"},{"name":"572","status":"开机","class_name":"positive","x":"920.0","y":"175.0"},{"name":"573","status":"开机","class_name":"positive","x":"920.0","y":"160.0"},{"name":"574","status":"开机","class_name":"positive","x":"920.0","y":"145.0"},{"name":"575","status":"开机","class_name":"positive","x":"920.0","y":"130.0"},{"name":"576","status":"开机","class_name":"positive","x":"920.0","y":"115.0"},{"name":"577","status":"开机","class_name":"positive","x":"920.0","y":"100.0"},{"name":"578","status":"开机","class_name":"positive","x":"920.0","y":"85.0"},{"name":"579","status":"开机","class_name":"positive","x":"920.0","y":"70.0"},{"name":"580","status":"开机","class_name":"positive","x":"920.0","y":"55.0"},{"name":"581","status":"离线","class_name":"energized","x":"940.0","y":"55.0"},{"name":"582","status":"开机","class_name":"positive","x":"940.0","y":"70.0"},{"name":"583","status":"开机","class_name":"positive","x":"940.0","y":"85.0"},{"name":"584","status":"开机","class_name":"positive","x":"940.0","y":"100.0"},{"name":"585","status":"开机","class_name":"positive","x":"940.0","y":"115.0"},{"name":"586","status":"开机","class_name":"positive","x":"940.0","y":"130.0"},{"name":"587","status":"开机","class_name":"positive","x":"940.0","y":"145.0"},{"name":"588","status":"开机","class_name":"positive","x":"940.0","y":"160.0"},{"name":"589","status":"开机","class_name":"positive","x":"940.0","y":"175.0"},{"name":"590","status":"开机","class_name":"positive","x":"940.0","y":"190.0"},{"name":"591","status":"开机","class_name":"positive","x":"940.0","y":"205.0"},{"name":"592","status":"待机","class_name":"balanced","x":"940.0","y":"235.0"},{"name":"593","status":"开机","class_name":"positive","x":"940.0","y":"250.0"},{"name":"594","status":"开机","class_name":"positive","x":"940.0","y":"265.0"},{"name":"595","status":"开机","class_name":"positive","x":"940.0","y":"280.0"},{"name":"596","status":"离线","class_name":"energized","x":"940.0","y":"295.0"},{"name":"597","status":"开机","class_name":"positive","x":"940.0","y":"310.0"},{"name":"598","status":"开机","class_name":"positive","x":"940.0","y":"325.0"},{"name":"599","status":"开机","class_name":"positive","x":"22","y":"19"},{"name":"600","status":"开机","class_name":"positive","x":"960.0","y":"325.0"},{"name":"601","status":"开机","class_name":"positive","x":"960.0","y":"310.0"},{"name":"602","status":"开机","class_name":"positive","x":"960.0","y":"295.0"},{"name":"603","status":"开机","class_name":"positive","x":"960.0","y":"280.0"},{"name":"604","status":"离线","class_name":"energized","x":"960.0","y":"265.0"},{"name":"605","status":"开机","class_name":"positive","x":"960.0","y":"250.0"},{"name":"606","status":"开机","class_name":"positive","x":"960.0","y":"235.0"},{"name":"607","status":"开机","class_name":"positive","x":"960.0","y":"205.0"},{"name":"608","status":"开机","class_name":"positive","x":"960.0","y":"190.0"},{"name":"609","status":"开机","class_name":"positive","x":"960.0","y":"175.0"},{"name":"610","status":"开机","class_name":"positive","x":"960.0","y":"160.0"},{"name":"611","status":"开机","class_name":"positive","x":"960.0","y":"145.0"},{"name":"612","status":"开机","class_name":"positive","x":"960.0","y":"130.0"},{"name":"613","status":"开机","class_name":"positive","x":"960.0","y":"115.0"},{"name":"614","status":"开机","class_name":"positive","x":"960.0","y":"100.0"},{"name":"615","status":"开机","class_name":"positive","x":"960.0","y":"85.0"},{"name":"616","status":"开机","class_name":"positive","x":"960.0","y":"70.0"},{"name":"617","status":"开机","class_name":"positive","x":"960.0","y":"55.0"},{"name":"618","status":"开机","class_name":"positive","x":"980.0","y":"55.0"},{"name":"619","status":"开机","class_name":"positive","x":"980.0","y":"70.0"},{"name":"620","status":"开机","class_name":"positive","x":"980.0","y":"85.0"},{"name":"621","status":"开机","class_name":"positive","x":"980.0","y":"100.0"},{"name":"622","status":"开机","class_name":"positive","x":"980.0","y":"115.0"},{"name":"623","status":"开机","class_name":"positive","x":"980.0","y":"130.0"},{"name":"624","status":"开机","class_name":"positive","x":"980.0","y":"145.0"},{"name":"625","status":"开机","class_name":"positive","x":"980.0","y":"160.0"},{"name":"626","status":"离线","class_name":"energized","x":"980.0","y":"175.0"},{"name":"627","status":"开机","class_name":"positive","x":"980.0","y":"190.0"},{"name":"628","status":"开机","class_name":"positive","x":"980.0","y":"205.0"},{"name":"629","status":"开机","class_name":"positive","x":"980.0","y":"235.0"},{"name":"630","status":"开机","class_name":"positive","x":"980.0","y":"250.0"},{"name":"631","status":"开机","class_name":"positive","x":"980.0","y":"265.0"},{"name":"632","status":"开机","class_name":"positive","x":"980.0","y":"280.0"},{"name":"633","status":"开机","class_name":"positive","x":"980.0","y":"295.0"},{"name":"634","status":"开机","class_name":"positive","x":"980.0","y":"310.0"},{"name":"635","status":"开机","class_name":"positive","x":"980.0","y":"325.0"},{"name":"636","status":"开机","class_name":"positive","x":"67","y":"37"},{"name":"637","status":"开机","class_name":"positive","x":"65","y":"20"},{"name":"638","status":"开机","class_name":"positive","x":"1000.0","y":"325.0"},{"name":"639","status":"开机","class_name":"positive","x":"1000.0","y":"310.0"},{"name":"640","status":"开机","class_name":"positive","x":"1000.0","y":"295.0"},{"name":"641","status":"开机","class_name":"positive","x":"1000.0","y":"280.0"},{"name":"642","status":"开机","class_name":"positive","x":"1000.0","y":"265.0"},{"name":"643","status":"开机","class_name":"positive","x":"1000.0","y":"250.0"},{"name":"644","status":"开机","class_name":"positive","x":"1000.0","y":"235.0"},{"name":"645","status":"开机","class_name":"positive","x":"1000.0","y":"205.0"},{"name":"646","status":"离线","class_name":"energized","x":"1000.0","y":"190.0"},{"name":"647","status":"开机","class_name":"positive","x":"1000.0","y":"175.0"},{"name":"648","status":"开机","class_name":"positive","x":"1000.0","y":"160.0"},{"name":"649","status":"开机","class_name":"positive","x":"1000.0","y":"145.0"},{"name":"650","status":"开机","class_name":"positive","x":"1000.0","y":"130.0"},{"name":"651","status":"开机","class_name":"positive","x":"1000.0","y":"115.0"},{"name":"652","status":"开机","class_name":"positive","x":"1000.0","y":"100.0"},{"name":"653","status":"开机","class_name":"positive","x":"1000.0","y":"85.0"},{"name":"654","status":"开机","class_name":"positive","x":"1000.0","y":"70.0"},{"name":"655","status":"开机","class_name":"positive","x":"1000.0","y":"55.0"},{"name":"656","status":"开机","class_name":"positive","x":"1020.0","y":"55.0"},{"name":"657","status":"开机","class_name":"positive","x":"1020.0","y":"70.0"},{"name":"658","status":"开机","class_name":"positive","x":"1020.0","y":"85.0"},{"name":"659","status":"开机","class_name":"positive","x":"1020.0","y":"100.0"},{"name":"660","status":"开机","class_name":"positive","x":"1020.0","y":"115.0"},{"name":"661","status":"开机","class_name":"positive","x":"1020.0","y":"130.0"},{"name":"662","status":"开机","class_name":"positive","x":"1020.0","y":"145.0"},{"name":"663","status":"开机","class_name":"positive","x":"1020.0","y":"160.0"},{"name":"664","status":"开机","class_name":"positive","x":"1020.0","y":"175.0"},{"name":"665","status":"开机","class_name":"positive","x":"1020.0","y":"190.0"},{"name":"666","status":"开机","class_name":"positive","x":"1020.0","y":"205.0"},{"name":"667","status":"开机","class_name":"positive","x":"1020.0","y":"235.0"},{"name":"668","status":"开机","class_name":"positive","x":"1020.0","y":"250.0"},{"name":"669","status":"开机","class_name":"positive","x":"1020.0","y":"265.0"},{"name":"670","status":"待机","class_name":"balanced","x":"1020.0","y":"280.0"},{"name":"671","status":"开机","class_name":"positive","x":"1020.0","y":"295.0"},{"name":"672","status":"开机","class_name":"positive","x":"1020.0","y":"310.0"},{"name":"673","status":"开机","class_name":"positive","x":"1020.0","y":"325.0"},{"name":"674","status":"开机","class_name":"positive","x":"46","y":"1"},{"name":"675","status":"开机","class_name":"positive","x":"22","y":"1"},{"name":"676","status":"开机","class_name":"positive","x":"1040.0","y":"325.0"},{"name":"677","status":"待机","class_name":"balanced","x":"1040.0","y":"310.0"},{"name":"678","status":"开机","class_name":"positive","x":"1040.0","y":"295.0"},{"name":"679","status":"开机","class_name":"positive","x":"1040.0","y":"280.0"},{"name":"680","status":"待机","class_name":"balanced","x":"1040.0","y":"265.0"},{"name":"681","status":"开机","class_name":"positive","x":"1040.0","y":"250.0"},{"name":"682","status":"开机","class_name":"positive","x":"1040.0","y":"235.0"},{"name":"683","status":"开机","class_name":"positive","x":"1040.0","y":"205.0"},{"name":"684","status":"开机","class_name":"positive","x":"1040.0","y":"190.0"},{"name":"685","status":"开机","class_name":"positive","x":"1040.0","y":"175.0"},{"name":"686","status":"开机","class_name":"positive","x":"1040.0","y":"160.0"},{"name":"687","status":"开机","class_name":"positive","x":"1040.0","y":"145.0"},{"name":"688","status":"开机","class_name":"positive","x":"1040.0","y":"130.0"},{"name":"689","status":"开机","class_name":"positive","x":"1040.0","y":"115.0"},{"name":"690","status":"开机","class_name":"positive","x":"1040.0","y":"100.0"},{"name":"691","status":"开机","class_name":"positive","x":"1040.0","y":"85.0"},{"name":"692","status":"开机","class_name":"positive","x":"1040.0","y":"70.0"},{"name":"693","status":"开机","class_name":"positive","x":"1040.0","y":"55.0"},{"name":"694","status":"开机","class_name":"positive","x":"1060.0","y":"55.0"},{"name":"695","status":"开机","class_name":"positive","x":"1060.0","y":"70.0"},{"name":"696","status":"开机","class_name":"positive","x":"1060.0","y":"85.0"},{"name":"697","status":"开机","class_name":"positive","x":"1060.0","y":"100.0"},{"name":"698","status":"开机","class_name":"positive","x":"1060.0","y":"115.0"},{"name":"699","status":"开机","class_name":"positive","x":"1060.0","y":"130.0"},{"name":"700","status":"开机","class_name":"positive","x":"1060.0","y":"145.0"},{"name":"701","status":"开机","class_name":"positive","x":"1060.0","y":"160.0"},{"name":"702","status":"开机","class_name":"positive","x":"1060.0","y":"175.0"},{"name":"703","status":"开机","class_name":"positive","x":"1060.0","y":"190.0"},{"name":"704","status":"开机","class_name":"positive","x":"1060.0","y":"205.0"},{"name":"705","status":"待机","class_name":"balanced","x":"1060.0","y":"235.0"},{"name":"706","status":"开机","class_name":"positive","x":"1060.0","y":"250.0"},{"name":"707","status":"待机","class_name":"balanced","x":"1060.0","y":"265.0"},{"name":"708","status":"待机","class_name":"balanced","x":"1060.0","y":"280.0"},{"name":"709","status":"待机","class_name":"balanced","x":"1060.0","y":"295.0"},{"name":"710","status":"开机","class_name":"positive","x":"1060.0","y":"310.0"},{"name":"711","status":"开机","class_name":"positive","x":"1060.0","y":"325.0"},{"name":"712","status":"开机","class_name":"positive","x":"41","y":"110"},{"name":"713","status":"开机","class_name":"positive","x":"1080.0","y":"325.0"},{"name":"714","status":"开机","class_name":"positive","x":"1080.0","y":"310.0"},{"name":"715","status":"开机","class_name":"positive","x":"1080.0","y":"295.0"},{"name":"716","status":"开机","class_name":"positive","x":"1080.0","y":"280.0"},{"name":"717","status":"开机","class_name":"positive","x":"1080.0","y":"265.0"},{"name":"718","status":"开机","class_name":"positive","x":"1080.0","y":"250.0"},{"name":"719","status":"开机","class_name":"positive","x":"1080.0","y":"235.0"},{"name":"720","status":"开机","class_name":"positive","x":"1080.0","y":"205.0"},{"name":"721","status":"开机","class_name":"positive","x":"1080.0","y":"190.0"},{"name":"722","status":"开机","class_name":"positive","x":"1080.0","y":"175.0"},{"name":"723","status":"开机","class_name":"positive","x":"1080.0","y":"160.0"},{"name":"724","status":"开机","class_name":"positive","x":"1080.0","y":"145.0"},{"name":"725","status":"待机","class_name":"balanced","x":"1080.0","y":"130.0"},{"name":"726","status":"开机","class_name":"positive","x":"1080.0","y":"115.0"},{"name":"727","status":"开机","class_name":"positive","x":"1080.0","y":"100.0"},{"name":"728","status":"开机","class_name":"positive","x":"1080.0","y":"85.0"},{"name":"729","status":"开机","class_name":"positive","x":"1080.0","y":"70.0"},{"name":"730","status":"开机","class_name":"positive","x":"1080.0","y":"55.0"},{"name":"731","status":"开机","class_name":"positive","x":"1100.0","y":"55.0"},{"name":"732","status":"开机","class_name":"positive","x":"1100.0","y":"70.0"},{"name":"733","status":"开机","class_name":"positive","x":"1100.0","y":"85.0"},{"name":"734","status":"开机","class_name":"positive","x":"1100.0","y":"100.0"},{"name":"735","status":"离线","class_name":"energized","x":"1100.0","y":"115.0"},{"name":"736","status":"开机","class_name":"positive","x":"1100.0","y":"130.0"},{"name":"737","status":"开机","class_name":"positive","x":"1100.0","y":"145.0"},{"name":"738","status":"开机","class_name":"positive","x":"1100.0","y":"160.0"},{"name":"739","status":"开机","class_name":"positive","x":"1100.0","y":"175.0"},{"name":"740","status":"开机","class_name":"positive","x":"1100.0","y":"190.0"},{"name":"741","status":"开机","class_name":"positive","x":"1100.0","y":"205.0"},{"name":"742","status":"开机","class_name":"positive","x":"1100.0","y":"235.0"},{"name":"743","status":"开机","class_name":"positive","x":"1100.0","y":"250.0"},{"name":"744","status":"开机","class_name":"positive","x":"1100.0","y":"265.0"},{"name":"745","status":"开机","class_name":"positive","x":"1100.0","y":"280.0"},{"name":"746","status":"开机","class_name":"positive","x":"1100.0","y":"295.0"},{"name":"747","status":"开机","class_name":"positive","x":"1100.0","y":"310.0"},{"name":"748","status":"待机","class_name":"balanced","x":"1100.0","y":"325.0"},{"name":"749","status":"开机","class_name":"positive","x":"42","y":"130"},{"name":"750","status":"开机","class_name":"positive","x":"21","y":"110"},{"name":"751","status":"开机","class_name":"positive","x":"1120.0","y":"325.0"},{"name":"752","status":"开机","class_name":"positive","x":"1120.0","y":"310.0"},{"name":"753","status":"开机","class_name":"positive","x":"1120.0","y":"295.0"},{"name":"754","status":"开机","class_name":"positive","x":"1120.0","y":"280.0"},{"name":"755","status":"开机","class_name":"positive","x":"1120.0","y":"265.0"},{"name":"756","status":"开机","class_name":"positive","x":"1120.0","y":"250.0"},{"name":"757","status":"开机","class_name":"positive","x":"1120.0","y":"235.0"},{"name":"758","status":"开机","class_name":"positive","x":"1120.0","y":"205.0"},{"name":"759","status":"开机","class_name":"positive","x":"1120.0","y":"190.0"},{"name":"760","status":"开机","class_name":"positive","x":"1120.0","y":"175.0"},{"name":"761","status":"开机","class_name":"positive","x":"1120.0","y":"160.0"},{"name":"762","status":"开机","class_name":"positive","x":"1120.0","y":"145.0"},{"name":"763","status":"开机","class_name":"positive","x":"1120.0","y":"130.0"},{"name":"764","status":"开机","class_name":"positive","x":"1120.0","y":"115.0"},{"name":"765","status":"开机","class_name":"positive","x":"1120.0","y":"100.0"},{"name":"766","status":"开机","class_name":"positive","x":"1120.0","y":"85.0"},{"name":"767","status":"开机","class_name":"positive","x":"1120.0","y":"70.0"},{"name":"768","status":"开机","class_name":"positive","x":"1120.0","y":"55.0"},{"name":"769","status":"开机","class_name":"positive","x":"1140.0","y":"55.0"},{"name":"770","status":"开机","class_name":"positive","x":"1140.0","y":"70.0"},{"name":"771","status":"开机","class_name":"positive","x":"1140.0","y":"85.0"},{"name":"772","status":"开机","class_name":"positive","x":"1140.0","y":"100.0"},{"name":"773","status":"开机","class_name":"positive","x":"1140.0","y":"115.0"},{"name":"774","status":"开机","class_name":"positive","x":"1140.0","y":"130.0"},{"name":"775","status":"开机","class_name":"positive","x":"1140.0","y":"145.0"},{"name":"776","status":"开机","class_name":"positive","x":"1140.0","y":"160.0"},{"name":"777","status":"开机","class_name":"positive","x":"1140.0","y":"175.0"},{"name":"778","status":"开机","class_name":"positive","x":"1140.0","y":"190.0"},{"name":"779","status":"开机","class_name":"positive","x":"1140.0","y":"205.0"},{"name":"780","status":"开机","class_name":"positive","x":"1140.0","y":"235.0"},{"name":"781","status":"开机","class_name":"positive","x":"1140","y":"250"},{"name":"782","status":"开机","class_name":"positive","x":"1140.0","y":"265.0"},{"name":"783","status":"开机","class_name":"positive","x":"1140.0","y":"280.0"},{"name":"784","status":"开机","class_name":"positive","x":"1140.0","y":"295.0"},{"name":"785","status":"开机","class_name":"positive","x":"1140.0","y":"310.0"},{"name":"786","status":"开机","class_name":"positive","x":"1140.0","y":"325.0"},{"name":"787","status":"开机","class_name":"positive","x":"41","y":"92"},{"name":"788","status":"开机","class_name":"positive","x":"20","y":"89"},{"name":"789","status":"开机","class_name":"positive","x":"1160.0","y":"325.0"},{"name":"790","status":"开机","class_name":"positive","x":"1160.0","y":"310.0"},{"name":"791","status":"开机","class_name":"positive","x":"1160.0","y":"295.0"},{"name":"792","status":"开机","class_name":"positive","x":"1160.0","y":"280.0"},{"name":"793","status":"开机","class_name":"positive","x":"1160.0","y":"265.0"},{"name":"794","status":"待机","class_name":"balanced","x":"1160.0","y":"250.0"},{"name":"795","status":"待机","class_name":"balanced","x":"1160.0","y":"235.0"},{"name":"796","status":"待机","class_name":"balanced","x":"1160.0","y":"205.0"},{"name":"797","status":"开机","class_name":"positive","x":"1160.0","y":"190.0"},{"name":"798","status":"开机","class_name":"positive","x":"1160.0","y":"175.0"},{"name":"799","status":"开机","class_name":"positive","x":"1160.0","y":"160.0"},{"name":"800","status":"开机","class_name":"positive","x":"1160.0","y":"145.0"},{"name":"801","status":"开机","class_name":"positive","x":"1160.0","y":"130.0"},{"name":"802","status":"开机","class_name":"positive","x":"1160.0","y":"115.0"},{"name":"803","status":"开机","class_name":"positive","x":"1160.0","y":"100.0"},{"name":"804","status":"开机","class_name":"positive","x":"1160.0","y":"85.0"},{"name":"805","status":"开机","class_name":"positive","x":"1160.0","y":"70.0"},{"name":"806","status":"开机","class_name":"positive","x":"1160.0","y":"55.0"},{"name":"807","status":"开机","class_name":"positive","x":"1180.0","y":"55.0"},{"name":"808","status":"开机","class_name":"positive","x":"1180.0","y":"70.0"},{"name":"809","status":"开机","class_name":"positive","x":"1180.0","y":"85.0"},{"name":"810","status":"开机","class_name":"positive","x":"1180.0","y":"100.0"},{"name":"811","status":"开机","class_name":"positive","x":"1180.0","y":"115.0"},{"name":"812","status":"开机","class_name":"positive","x":"1180.0","y":"130.0"},{"name":"813","status":"开机","class_name":"positive","x":"1180.0","y":"145.0"},{"name":"814","status":"开机","class_name":"positive","x":"1180.0","y":"160.0"},{"name":"815","status":"开机","class_name":"positive","x":"1180.0","y":"175.0"},{"name":"816","status":"开机","class_name":"positive","x":"1180.0","y":"190.0"},{"name":"817","status":"开机","class_name":"positive","x":"1180.0","y":"205.0"},{"name":"818","status":"开机","class_name":"positive","x":"1180.0","y":"235.0"},{"name":"819","status":"开机","class_name":"positive","x":"1180.0","y":"250.0"},{"name":"820","status":"开机","class_name":"positive","x":"1180.0","y":"265.0"},{"name":"821","status":"开机","class_name":"positive","x":"1180.0","y":"280.0"},{"name":"822","status":"开机","class_name":"positive","x":"1180.0","y":"295.0"},{"name":"823","status":"开机","class_name":"positive","x":"1180.0","y":"310.0"},{"name":"824","status":"开机","class_name":"positive","x":"1180.0","y":"325.0"},{"name":"825","status":"开机","class_name":"positive","x":"20","y":"73"},{"name":"826","status":"待机","class_name":"balanced","x":"1200.0","y":"325.0"},{"name":"827","status":"开机","class_name":"positive","x":"1200.0","y":"310.0"},{"name":"828","status":"开机","class_name":"positive","x":"1200.0","y":"295.0"},{"name":"829","status":"开机","class_name":"positive","x":"1200.0","y":"280.0"},{"name":"830","status":"开机","class_name":"positive","x":"1200.0","y":"265.0"},{"name":"831","status":"开机","class_name":"positive","x":"1200.0","y":"250.0"},{"name":"832","status":"开机","class_name":"positive","x":"1200.0","y":"235.0"},{"name":"833","status":"开机","class_name":"positive","x":"1200.0","y":"205.0"},{"name":"834","status":"开机","class_name":"positive","x":"1200.0","y":"190.0"},{"name":"835","status":"开机","class_name":"positive","x":"1200.0","y":"175.0"},{"name":"836","status":"离线","class_name":"energized","x":"1200.0","y":"160.0"},{"name":"837","status":"开机","class_name":"positive","x":"1200.0","y":"145.0"},{"name":"838","status":"开机","class_name":"positive","x":"1200.0","y":"130.0"},{"name":"839","status":"开机","class_name":"positive","x":"1200.0","y":"115.0"},{"name":"840","status":"开机","class_name":"positive","x":"1200.0","y":"100.0"},{"name":"841","status":"开机","class_name":"positive","x":"1200.0","y":"85.0"},{"name":"842","status":"开机","class_name":"positive","x":"1200.0","y":"70.0"},{"name":"843","status":"开机","class_name":"positive","x":"1200.0","y":"55.0"},{"name":"844","status":"开机","class_name":"positive","x":"1220.0","y":"55.0"},{"name":"845","status":"开机","class_name":"positive","x":"1220.0","y":"70.0"},{"name":"846","status":"开机","class_name":"positive","x":"1220.0","y":"85.0"},{"name":"847","status":"开机","class_name":"positive","x":"1220.0","y":"100.0"},{"name":"848","status":"开机","class_name":"positive","x":"1220.0","y":"115.0"},{"name":"849","status":"开机","class_name":"positive","x":"1220.0","y":"130.0"},{"name":"850","status":"开机","class_name":"positive","x":"1220.0","y":"145.0"},{"name":"851","status":"开机","class_name":"positive","x":"1220.0","y":"160.0"},{"name":"852","status":"开机","class_name":"positive","x":"1220.0","y":"175.0"},{"name":"853","status":"开机","class_name":"positive","x":"1220.0","y":"190.0"},{"name":"854","status":"开机","class_name":"positive","x":"1220.0","y":"205.0"},{"name":"855","status":"开机","class_name":"positive","x":"1220.0","y":"235.0"},{"name":"856","status":"开机","class_name":"positive","x":"1220.0","y":"250.0"},{"name":"857","status":"开机","class_name":"positive","x":"1220.0","y":"265.0"},{"name":"858","status":"开机","class_name":"positive","x":"1220.0","y":"280.0"},{"name":"859","status":"开机","class_name":"positive","x":"1220.0","y":"295.0"},{"name":"860","status":"开机","class_name":"positive","x":"1220.0","y":"310.0"},{"name":"861","status":"待机","class_name":"balanced","x":"1220.0","y":"325.0"},{"name":"862","status":"开机","class_name":"positive","x":"40","y":"72"},{"name":"863","status":"开机","class_name":"positive","x":"39","y":"54"},{"name":"864","status":"开机","class_name":"positive","x":"1240.0","y":"325.0"},{"name":"865","status":"开机","class_name":"positive","x":"1240.0","y":"310.0"},{"name":"866","status":"开机","class_name":"positive","x":"1240.0","y":"295.0"},{"name":"867","status":"离线","class_name":"energized","x":"1240.0","y":"280.0"},{"name":"868","status":"开机","class_name":"positive","x":"1240.0","y":"265.0"},{"name":"869","status":"开机","class_name":"positive","x":"1240.0","y":"250.0"},{"name":"870","status":"开机","class_name":"positive","x":"1240.0","y":"235.0"},{"name":"871","status":"开机","class_name":"positive","x":"1240.0","y":"205.0"},{"name":"872","status":"开机","class_name":"positive","x":"1240.0","y":"190.0"},{"name":"873","status":"开机","class_name":"positive","x":"1240.0","y":"175.0"},{"name":"874","status":"开机","class_name":"positive","x":"1240.0","y":"160.0"},{"name":"875","status":"开机","class_name":"positive","x":"1240.0","y":"145.0"},{"name":"876","status":"开机","class_name":"positive","x":"1240.0","y":"130.0"},{"name":"877","status":"开机","class_name":"positive","x":"1240.0","y":"115.0"},{"name":"878","status":"开机","class_name":"positive","x":"1240.0","y":"100.0"},{"name":"879","status":"开机","class_name":"positive","x":"1240.0","y":"85.0"},{"name":"880","status":"开机","class_name":"positive","x":"1240.0","y":"70.0"},{"name":"881","status":"开机","class_name":"positive","x":"1240.0","y":"55.0"},{"name":"882","status":"开机","class_name":"positive","x":"1260.0","y":"55.0"},{"name":"883","status":"开机","class_name":"positive","x":"1260.0","y":"70.0"},{"name":"884","status":"开机","class_name":"positive","x":"1260.0","y":"85.0"},{"name":"885","status":"开机","class_name":"positive","x":"1260.0","y":"100.0"},{"name":"886","status":"开机","class_name":"positive","x":"1260.0","y":"115.0"},{"name":"887","status":"开机","class_name":"positive","x":"1260.0","y":"130.0"},{"name":"888","status":"开机","class_name":"positive","x":"1260.0","y":"145.0"},{"name":"889","status":"开机","class_name":"positive","x":"1260.0","y":"160.0"},{"name":"890","status":"开机","class_name":"positive","x":"1260.0","y":"175.0"},{"name":"891","status":"开机","class_name":"positive","x":"1260.0","y":"190.0"},{"name":"892","status":"开机","class_name":"positive","x":"1260.0","y":"205.0"},{"name":"893","status":"开机","class_name":"positive","x":"21","y":"36"},{"name":"894","status":"开机","class_name":"positive","x":"21","y":"55"},{"name":"895","status":"开机","class_name":"positive","x":"67","y":"4"},{"name":"896","status":"开机","class_name":"positive","x":"66","y":"131"},{"name":"897","status":"开机","class_name":"positive","x":"66","y":"113"},{"name":"898","status":"待机","class_name":"balanced","x":"67","y":"98"},{"name":"899","status":"开机","class_name":"positive","x":"43","y":"37"},{"name":"900","status":"开机","class_name":"positive","x":"42","y":"20"}],
      "xMax":1260,"yMax":325
    },
    {
      "title": "8号厂房",
      "data": [
        {
          "label": "开机",
          "value": "459"
        },
        {
          "label": "待机",
          "value": "356"
        },
        {
          "label": "离线",
          "value": "193"
        },
        {
          "label": "维修",
          "value": "0"
        }
      ],
      "macList":[{"name":"A01-06","status":"开机","class_name":"balanced","x":"940.0","y":"64.0"},{"name":"A02-01","status":"开机","class_name":"balanced","x":"760.0","y":"96.0"},{"name":"A02-05","status":"开机","class_name":"balanced","x":"910.0","y":"96.0"},{"name":"A02-09","status":"待料","class_name":"royal","x":"1060.0","y":"96.0"},{"name":"A03-05","status":"待料","class_name":"royal","x":"910.0","y":"112.0"},{"name":"A04-03","status":"待料","class_name":"royal","x":"820.0","y":"144.0"},{"name":"A04-04","status":"离线","class_name":"dark","x":"880.0","y":"144.0"},{"name":"A04-08","status":"开机","class_name":"balanced","x":"1030.0","y":"144.0"},{"name":"A05-03","status":"开机","class_name":"balanced","x":"820.0","y":"160.0"},{"name":"A05-07","status":"待料","class_name":"royal","x":"1000.0","y":"160.0"},{"name":"A05-08","status":"开机","class_name":"balanced","x":"1030.0","y":"160.0"},{"name":"A06-03","status":"开机","class_name":"balanced","x":"820.0","y":"192.0"},{"name":"A06-04","status":"开机","class_name":"balanced","x":"880.0","y":"192.0"},{"name":"A06-06","status":"开机","class_name":"balanced","x":"940.0","y":"192.0"},{"name":"A06-07","status":"开机","class_name":"balanced","x":"1000.0","y":"192.0"},{"name":"A07-01","status":"开机","class_name":"balanced","x":"760.0","y":"208.0"},{"name":"A07-02","status":"开机","class_name":"balanced","x":"790.0","y":"208.0"},{"name":"A07-06","status":"待料","class_name":"royal","x":"940.0","y":"208.0"},{"name":"A07-07","status":"开机","class_name":"balanced","x":"1000","y":"208"},{"name":"A08-02","status":"开机","class_name":"balanced","x":"790.0","y":"240.0"},{"name":"A08-03","status":"开机","class_name":"balanced","x":"820.0","y":"240.0"},{"name":"A08-07","status":"开机","class_name":"balanced","x":"1000.0","y":"240.0"},{"name":"A08-08","status":"开机","class_name":"balanced","x":"1030.0","y":"240.0"},{"name":"A08-11","status":"开机","class_name":"balanced","x":"1150.0","y":"240.0"},{"name":"A08-12","status":"待料","class_name":"royal","x":"1180","y":"240"},{"name":"A09-03","status":"开机","class_name":"balanced","x":"820.0","y":"256.0"},{"name":"A09-04","status":"开机","class_name":"balanced","x":"880.0","y":"256.0"},{"name":"A09-08","status":"待料","class_name":"royal","x":"1030.0","y":"256.0"},{"name":"A09-09","status":"开机","class_name":"balanced","x":"1060.0","y":"256.0"},{"name":"A10-01","status":"开机","class_name":"balanced","x":"760.0","y":"288.0"},{"name":"A10-05","status":"开机","class_name":"balanced","x":"910.0","y":"288.0"},{"name":"A11-06","status":"开机","class_name":"balanced","x":"940.0","y":"304.0"},{"name":"A11-11","status":"开机","class_name":"balanced","x":"1150.0","y":"304.0"},{"name":"A12-02","status":"待料","class_name":"royal","x":"790.0","y":"336.0"},{"name":"A12-07","status":"待料","class_name":"royal","x":"1000.0","y":"336.0"},{"name":"A01-01","status":"开机","class_name":"balanced","x":"760","y":"64"},{"name":"A01-05","status":"开机","class_name":"balanced","x":"910.0","y":"64.0"},{"name":"A01-09","status":"待料","class_name":"royal","x":"1060.0","y":"64.0"},{"name":"A02-04","status":"开机","class_name":"balanced","x":"880.0","y":"96.0"},{"name":"A02-08","status":"待料","class_name":"royal","x":"1030.0","y":"96.0"},{"name":"A03-04","status":"开机","class_name":"balanced","x":"880.0","y":"112.0"},{"name":"A10-12","status":"开机","class_name":"balanced","x":"1180.0","y":"288.0"},{"name":"A12-06","status":"待料","class_name":"royal","x":"940.0","y":"336.0"},{"name":"A12-11","status":"待料","class_name":"royal","x":"1150.0","y":"336.0"},{"name":"A12-12","status":"开机","class_name":"balanced","x":"1180.0","y":"336.0"},{"name":"C09-06","status":"待料","class_name":"royal","x":"190.0","y":"256.0"},{"name":"C10-04","status":"开机","class_name":"balanced","x":"250.0","y":"288.0"},{"name":"C11-02","status":"开机","class_name":"balanced","x":"370.0","y":"304.0"},{"name":"C11-06","status":"待料","class_name":"royal","x":"190.0","y":"304.0"},{"name":"C12-05","status":"开机","class_name":"balanced","x":"220.0","y":"336.0"},{"name":"C16-04","status":"开机","class_name":"balanced","x":"250.0","y":"432.0"},{"name":"C16-05","status":"开机","class_name":"balanced","x":"220.0","y":"432.0"},{"name":"C16-06","status":"待料","class_name":"royal","x":"190.0","y":"432.0"},{"name":"C17-01","status":"开机","class_name":"balanced","x":"400","y":"448"},{"name":"C17-03","status":"开机","class_name":"balanced","x":"340.0","y":"448.0"},{"name":"C17-04","status":"开机","class_name":"balanced","x":"250.0","y":"448.0"},{"name":"C17-05","status":"开机","class_name":"balanced","x":"220.0","y":"448.0"},{"name":"A16-04","status":"开机","class_name":"balanced","x":"880.0","y":"432.0"},{"name":"A04-05","status":"开机","class_name":"balanced","x":"910.0","y":"144.0"},{"name":"A11-01","status":"开机","class_name":"balanced","x":"760.0","y":"304.0"},{"name":"C15-01","status":"开机","class_name":"balanced","x":"400.0","y":"400.0"},{"name":"A01-03","status":"开机","class_name":"balanced","x":"820.0","y":"64.0"},{"name":"A01-08","status":"开机","class_name":"balanced","x":"1030.0","y":"64.0"},{"name":"A03-02","status":"开机","class_name":"balanced","x":"790.0","y":"112.0"},{"name":"A03-07","status":"开机","class_name":"balanced","x":"1000.0","y":"112.0"},{"name":"A06-09","status":"开机","class_name":"balanced","x":"1060.0","y":"192.0"},{"name":"A07-04","status":"开机","class_name":"balanced","x":"880.0","y":"208.0"},{"name":"A07-09","status":"开机","class_name":"balanced","x":"1060.0","y":"208.0"},{"name":"A08-05","status":"开机","class_name":"balanced","x":"910.0","y":"240.0"},{"name":"A09-05","status":"开机","class_name":"balanced","x":"910.0","y":"256.0"},{"name":"A09-10","status":"待料","class_name":"royal","x":"1120.0","y":"256.0"},{"name":"A10-02","status":"开机","class_name":"balanced","x":"790.0","y":"288.0"},{"name":"A10-09","status":"开机","class_name":"balanced","x":"1060.0","y":"288.0"},{"name":"A11-02","status":"开机","class_name":"balanced","x":"790.0","y":"304.0"},{"name":"A13-06","status":"开机","class_name":"balanced","x":"940.0","y":"352.0"},{"name":"A13-11","status":"待料","class_name":"royal","x":"1150.0","y":"352.0"},{"name":"A14-03","status":"开机","class_name":"balanced","x":"820.0","y":"384.0"},{"name":"A14-08","status":"开机","class_name":"balanced","x":"1030.0","y":"384.0"},{"name":"A17-10","status":"待料","class_name":"royal","x":"1120.0","y":"448.0"},{"name":"B01-06","status":"开机","class_name":"balanced","x":"490","y":"16"},{"name":"B02-04","status":"待料","class_name":"royal","x":"550.0","y":"32.0"},{"name":"B03-02","status":"待料","class_name":"royal","x":"640.0","y":"64.0"},{"name":"B03-06","status":"待料","class_name":"royal","x":"520.0","y":"64.0"},{"name":"B04-02","status":"开机","class_name":"balanced","x":"640.0","y":"80.0"},{"name":"B04-07","status":"离线","class_name":"dark","x":"490","y":"80"},{"name":"B05-04","status":"待料","class_name":"royal","x":"520","y":"144"},{"name":"B06-02","status":"待料","class_name":"royal","x":"610.0","y":"160.0"},{"name":"B06-06","status":"开机","class_name":"balanced","x":"460.0","y":"160.0"},{"name":"B07-03","status":"待料","class_name":"royal","x":"580.0","y":"192.0"},{"name":"B07-05","status":"待料","class_name":"royal","x":"490.0","y":"192.0"},{"name":"B08-02","status":"待料","class_name":"royal","x":"610.0","y":"208.0"},{"name":"B08-04","status":"待料","class_name":"royal","x":"520.0","y":"208.0"},{"name":"B08-06","status":"开机","class_name":"balanced","x":"460.0","y":"208.0"},{"name":"B09-02","status":"待料","class_name":"royal","x":"610.0","y":"240.0"},{"name":"B09-06","status":"待料","class_name":"royal","x":"460.0","y":"240.0"},{"name":"B10-03","status":"待料","class_name":"royal","x":"580","y":"256"},{"name":"B10-05","status":"待料","class_name":"royal","x":"490.0","y":"256.0"},{"name":"B11-02","status":"待料","class_name":"royal","x":"610.0","y":"288.0"},{"name":"B11-04","status":"开机","class_name":"balanced","x":"520.0","y":"288.0"},{"name":"B12-01","status":"待料","class_name":"royal","x":"640.0","y":"304.0"},{"name":"B12-02","status":"开机","class_name":"balanced","x":"610.0","y":"304.0"},{"name":"B12-05","status":"开机","class_name":"balanced","x":"490.0","y":"304.0"},{"name":"B13-02","status":"开机","class_name":"balanced","x":"610.0","y":"336.0"},{"name":"B14-01","status":"开机","class_name":"balanced","x":"640.0","y":"352.0"},{"name":"B14-06","status":"开机","class_name":"balanced","x":"460.0","y":"352.0"},{"name":"B15-04","status":"待料","class_name":"royal","x":"520.0","y":"384.0"},{"name":"B16-02","status":"待料","class_name":"royal","x":"610.0","y":"400.0"},{"name":"B16-05","status":"待料","class_name":"royal","x":"490.0","y":"400.0"},{"name":"B17-01","status":"待料","class_name":"royal","x":"640","y":"432"},{"name":"B17-04","status":"待料","class_name":"royal","x":"520.0","y":"432.0"},{"name":"B17-06","status":"开机","class_name":"balanced","x":"460.0","y":"432.0"},{"name":"B18-04","status":"开机","class_name":"balanced","x":"520.0","y":"448.0"},{"name":"B19-02","status":"待料","class_name":"royal","x":"610","y":"480"},{"name":"B19-06","status":"待料","class_name":"royal","x":"460.0","y":"480.0"},{"name":"B20-05","status":"待料","class_name":"royal","x":"490.0","y":"496.0"},{"name":"C01-03","status":"开机","class_name":"balanced","x":"310","y":"16"},{"name":"C02-02","status":"待料","class_name":"royal","x":"370.0","y":"48.0"},{"name":"C02-06","status":"开机","class_name":"balanced","x":"190.0","y":"48.0"},{"name":"C03-05","status":"待料","class_name":"royal","x":"220.0","y":"80.0"},{"name":"C04-03","status":"开机","class_name":"balanced","x":"310.0","y":"112.0"},{"name":"C05-01","status":"待料","class_name":"royal","x":"400.0","y":"144.0"},{"name":"C05-05","status":"待料","class_name":"royal","x":"220.0","y":"144.0"},{"name":"C06-04","status":"开机","class_name":"balanced","x":"280.0","y":"176.0"},{"name":"C07-02","status":"待料","class_name":"royal","x":"370.0","y":"208.0"},{"name":"C07-06","status":"开机","class_name":"balanced","x":"190.0","y":"208.0"},{"name":"C08-06","status":"待料","class_name":"royal","x":"190.0","y":"240.0"},{"name":"C09-05","status":"开机","class_name":"balanced","x":"220.0","y":"256.0"},{"name":"C10-03","status":"待料","class_name":"royal","x":"340.0","y":"288.0"},{"name":"A04-01","status":"开机","class_name":"balanced","x":"760.0","y":"144.0"},{"name":"A04-06","status":"开机","class_name":"balanced","x":"940.0","y":"144.0"},{"name":"A05-01","status":"开机","class_name":"balanced","x":"760.0","y":"160.0"},{"name":"A05-05","status":"开机","class_name":"balanced","x":"910.0","y":"160.0"},{"name":"A06-01","status":"开机","class_name":"balanced","x":"760.0","y":"192.0"},{"name":"A10-11","status":"待料","class_name":"royal","x":"1150","y":"288"},{"name":"A12-04","status":"待料","class_name":"royal","x":"880.0","y":"336.0"},{"name":"A12-09","status":"开机","class_name":"balanced","x":"1060.0","y":"336.0"},{"name":"C14-02","status":"离线","class_name":"dark","x":"370.0","y":"384.0"},{"name":"C14-06","status":"开机","class_name":"balanced","x":"190.0","y":"384.0"},{"name":"C15-05","status":"开机","class_name":"balanced","x":"220.0","y":"400.0"},{"name":"C16-03","status":"待料","class_name":"royal","x":"340.0","y":"432.0"},{"name":"C17-02","status":"开机","class_name":"balanced","x":"370.0","y":"448.0"},{"name":"C17-06","status":"待料","class_name":"royal","x":"190.0","y":"448.0"},{"name":"A01-02","status":"待料","class_name":"royal","x":"790.0","y":"64.0"},{"name":"A01-07","status":"待料","class_name":"royal","x":"1000.0","y":"64.0"},{"name":"A02-02","status":"待料","class_name":"royal","x":"790.0","y":"96.0"},{"name":"A02-06","status":"待料","class_name":"royal","x":"940","y":"96"},{"name":"A03-01","status":"开机","class_name":"balanced","x":"760.0","y":"112.0"},{"name":"A03-06","status":"开机","class_name":"balanced","x":"940.0","y":"112.0"},{"name":"A07-05","status":"开机","class_name":"balanced","x":"910.0","y":"208.0"},{"name":"A08-01","status":"开机","class_name":"balanced","x":"760.0","y":"240.0"},{"name":"A08-06","status":"开机","class_name":"balanced","x":"940.0","y":"240.0"},{"name":"A08-10","status":"开机","class_name":"balanced","x":"1120.0","y":"240.0"},{"name":"A09-02","status":"开机","class_name":"balanced","x":"790.0","y":"256.0"},{"name":"A09-07","status":"开机","class_name":"balanced","x":"1000.0","y":"256.0"},{"name":"A09-12","status":"待料","class_name":"royal","x":"1180.0","y":"256.0"},{"name":"A10-04","status":"待料","class_name":"royal","x":"880","y":"288"},{"name":"A10-07","status":"开机","class_name":"balanced","x":"1000.0","y":"288.0"},{"name":"A11-04","status":"开机","class_name":"balanced","x":"880.0","y":"304.0"},{"name":"A11-09","status":"开机","class_name":"balanced","x":"1060.0","y":"304.0"},{"name":"A12-05","status":"待料","class_name":"royal","x":"910.0","y":"336.0"},{"name":"A12-10","status":"开机","class_name":"balanced","x":"1120.0","y":"336.0"},{"name":"A13-01","status":"开机","class_name":"balanced","x":"760.0","y":"352.0"},{"name":"A13-05","status":"开机","class_name":"balanced","x":"910.0","y":"352.0"},{"name":"A13-09","status":"开机","class_name":"balanced","x":"1060.0","y":"352.0"},{"name":"A14-01","status":"待料","class_name":"royal","x":"760.0","y":"384.0"},{"name":"A14-06","status":"开机","class_name":"balanced","x":"940.0","y":"384.0"},{"name":"A14-11","status":"开机","class_name":"balanced","x":"1150.0","y":"384.0"},{"name":"A15-02","status":"开机","class_name":"balanced","x":"790.0","y":"400.0"},{"name":"A15-07","status":"待料","class_name":"royal","x":"1000.0","y":"400.0"},{"name":"A15-12","status":"待料","class_name":"royal","x":"1180.0","y":"400.0"},{"name":"A16-08","status":"开机","class_name":"balanced","x":"1030.0","y":"432.0"},{"name":"A17-01","status":"待料","class_name":"royal","x":"760.0","y":"448.0"},{"name":"B01-07","status":"待料","class_name":"royal","x":"460","y":"16"},{"name":"B02-05","status":"开机","class_name":"balanced","x":"520.0","y":"32.0"},{"name":"B04-03","status":"待料","class_name":"royal","x":"610.0","y":"80.0"},{"name":"B04-08","status":"离线","class_name":"dark","x":"460.0","y":"80.0"},{"name":"B06-05","status":"开机","class_name":"balanced","x":"490.0","y":"160.0"},{"name":"A13-02","status":"开机","class_name":"balanced","x":"790.0","y":"352.0"},{"name":"A15-05","status":"开机","class_name":"balanced","x":"910.0","y":"400.0"},{"name":"A15-10","status":"开机","class_name":"balanced","x":"1120.0","y":"400.0"},{"name":"A16-11","status":"开机","class_name":"balanced","x":"1150.0","y":"432.0"},{"name":"A17-04","status":"待料","class_name":"royal","x":"880.0","y":"448.0"},{"name":"A17-08","status":"待料","class_name":"royal","x":"1030.0","y":"448.0"},{"name":"B01-04","status":"待料","class_name":"royal","x":"550.0","y":"16.0"},{"name":"B02-02","status":"开机","class_name":"balanced","x":"610.0","y":"32.0"},{"name":"B02-07","status":"开机","class_name":"balanced","x":"460.0","y":"32.0"},{"name":"B03-04","status":"待料","class_name":"royal","x":"580.0","y":"64.0"},{"name":"B03-08","status":"待料","class_name":"royal","x":"460.0","y":"64.0"},{"name":"B04-05","status":"待料","class_name":"royal","x":"550.0","y":"80.0"},{"name":"B05-02","status":"开机","class_name":"balanced","x":"610","y":"144"},{"name":"B05-06","status":"待料","class_name":"royal","x":"460.0","y":"144.0"},{"name":"B06-04","status":"待料","class_name":"royal","x":"520.0","y":"160.0"},{"name":"B07-02","status":"待料","class_name":"royal","x":"610.0","y":"192.0"},{"name":"B07-04","status":"待料","class_name":"royal","x":"520.0","y":"192.0"},{"name":"B08-01","status":"待料","class_name":"royal","x":"640","y":"208"},{"name":"B08-03","status":"待料","class_name":"royal","x":"580.0","y":"208.0"},{"name":"B09-01","status":"待料","class_name":"royal","x":"640.0","y":"240.0"},{"name":"B09-04","status":"待料","class_name":"royal","x":"520.0","y":"240.0"},{"name":"B09-05","status":"待料","class_name":"royal","x":"490.0","y":"240.0"},{"name":"B10-02","status":"待料","class_name":"royal","x":"610.0","y":"256.0"},{"name":"B11-01","status":"开机","class_name":"balanced","x":"640.0","y":"288.0"},{"name":"B11-06","status":"开机","class_name":"balanced","x":"460.0","y":"288.0"},{"name":"B12-04","status":"开机","class_name":"balanced","x":"520.0","y":"304.0"},{"name":"B13-01","status":"开机","class_name":"balanced","x":"640.0","y":"336.0"},{"name":"B13-06","status":"开机","class_name":"balanced","x":"460.0","y":"336.0"},{"name":"B14-05","status":"开机","class_name":"balanced","x":"490.0","y":"352.0"},{"name":"B15-03","status":"待料","class_name":"royal","x":"580.0","y":"384.0"},{"name":"B15-06","status":"待料","class_name":"royal","x":"460.0","y":"384.0"},{"name":"B16-01","status":"待料","class_name":"royal","x":"640.0","y":"400.0"},{"name":"B16-04","status":"待料","class_name":"royal","x":"520.0","y":"400.0"},{"name":"B16-06","status":"待料","class_name":"royal","x":"460","y":"400"},{"name":"A13-10","status":"开机","class_name":"balanced","x":"1120.0","y":"352.0"},{"name":"A14-02","status":"开机","class_name":"balanced","x":"790.0","y":"384.0"},{"name":"A14-07","status":"待料","class_name":"royal","x":"1000.0","y":"384.0"},{"name":"A14-12","status":"待料","class_name":"royal","x":"1180.0","y":"384.0"},{"name":"A15-03","status":"待料","class_name":"royal","x":"820.0","y":"400.0"},{"name":"A15-08","status":"开机","class_name":"balanced","x":"1030.0","y":"400.0"},{"name":"A16-01","status":"开机","class_name":"balanced","x":"760.0","y":"432.0"},{"name":"A16-05","status":"开机","class_name":"balanced","x":"910.0","y":"432.0"},{"name":"A16-09","status":"待料","class_name":"royal","x":"1060.0","y":"432.0"},{"name":"A17-02","status":"开机","class_name":"balanced","x":"790.0","y":"448.0"},{"name":"A17-06","status":"开机","class_name":"balanced","x":"940.0","y":"448.0"},{"name":"A17-11","status":"开机","class_name":"balanced","x":"1150.0","y":"448.0"},{"name":"B01-02","status":"开机","class_name":"balanced","x":"610","y":"16"},{"name":"B13-05","status":"待料","class_name":"royal","x":"490.0","y":"336.0"},{"name":"B14-04","status":"开机","class_name":"balanced","x":"520.0","y":"352.0"},{"name":"B15-02","status":"开机","class_name":"balanced","x":"610.0","y":"384.0"},{"name":"B17-03","status":"待料","class_name":"royal","x":"580.0","y":"432.0"},{"name":"B17-05","status":"开机","class_name":"balanced","x":"490","y":"432"},{"name":"B18-02","status":"待料","class_name":"royal","x":"610.0","y":"448.0"},{"name":"B18-03","status":"开机","class_name":"balanced","x":"580.0","y":"448.0"},{"name":"B18-06","status":"待料","class_name":"royal","x":"460.0","y":"448.0"},{"name":"B19-01","status":"待料","class_name":"royal","x":"640.0","y":"480.0"},{"name":"B19-04","status":"待料","class_name":"royal","x":"520.0","y":"480.0"},{"name":"B19-05","status":"待料","class_name":"royal","x":"490.0","y":"480.0"},{"name":"B20-02","status":"待料","class_name":"royal","x":"610.0","y":"496.0"},{"name":"B20-03","status":"开机","class_name":"balanced","x":"580.0","y":"496.0"},{"name":"C01-01","status":"开机","class_name":"balanced","x":"400.0","y":"16.0"},{"name":"C01-02","status":"离线","class_name":"dark","x":"370.0","y":"16.0"},{"name":"C01-05","status":"待料","class_name":"royal","x":"220.0","y":"16.0"},{"name":"C01-06","status":"待料","class_name":"royal","x":"190","y":"16"},{"name":"C02-01","status":"待料","class_name":"royal","x":"400.0","y":"48.0"},{"name":"C02-03","status":"开机","class_name":"balanced","x":"310.0","y":"48.0"},{"name":"C02-04","status":"开机","class_name":"balanced","x":"280.0","y":"48.0"},{"name":"C02-05","status":"开机","class_name":"balanced","x":"220.0","y":"48.0"},{"name":"C03-02","status":"待料","class_name":"royal","x":"370.0","y":"80.0"},{"name":"C03-03","status":"开机","class_name":"balanced","x":"310.0","y":"80.0"},{"name":"C03-04","status":"开机","class_name":"balanced","x":"280","y":"80"},{"name":"C04-01","status":"待料","class_name":"royal","x":"400.0","y":"112.0"},{"name":"C04-02","status":"待料","class_name":"royal","x":"370.0","y":"112.0"},{"name":"C04-05","status":"待料","class_name":"royal","x":"220.0","y":"112.0"},{"name":"C04-06","status":"待料","class_name":"royal","x":"190.0","y":"112.0"},{"name":"C05-04","status":"开机","class_name":"balanced","x":"280.0","y":"144.0"},{"name":"C06-02","status":"开机","class_name":"balanced","x":"370.0","y":"176.0"},{"name":"C06-03","status":"开机","class_name":"balanced","x":"310.0","y":"176.0"},{"name":"C07-01","status":"开机","class_name":"balanced","x":"400.0","y":"208.0"},{"name":"C07-05","status":"待料","class_name":"royal","x":"220.0","y":"208.0"},{"name":"C07-09","status":"开机","class_name":"balanced","x":"100.0","y":"208.0"},{"name":"C08-04","status":"待料","class_name":"royal","x":"250.0","y":"240.0"},{"name":"C08-05","status":"待料","class_name":"royal","x":"220.0","y":"240.0"},{"name":"C09-03","status":"待料","class_name":"royal","x":"340.0","y":"256.0"},{"name":"C09-04","status":"开机","class_name":"balanced","x":"250.0","y":"256.0"},{"name":"C10-01","status":"开机","class_name":"balanced","x":"400.0","y":"288.0"},{"name":"C10-02","status":"开机","class_name":"balanced","x":"370.0","y":"288.0"},{"name":"C10-05","status":"开机","class_name":"balanced","x":"220","y":"288"},{"name":"C10-06","status":"开机","class_name":"balanced","x":"190.0","y":"288.0"},{"name":"C11-01","status":"开机","class_name":"balanced","x":"400.0","y":"304.0"},{"name":"C11-03","status":"待料","class_name":"royal","x":"340.0","y":"304.0"},{"name":"C11-04","status":"待料","class_name":"royal","x":"250.0","y":"304.0"},{"name":"C11-05","status":"待料","class_name":"royal","x":"220.0","y":"304.0"},{"name":"C12-01","status":"待料","class_name":"royal","x":"400.0","y":"336.0"},{"name":"C12-02","status":"开机","class_name":"balanced","x":"370.0","y":"336.0"},{"name":"C12-03","status":"待料","class_name":"royal","x":"340.0","y":"336.0"},{"name":"C12-04","status":"开机","class_name":"balanced","x":"250.0","y":"336.0"},{"name":"C12-06","status":"离线","class_name":"dark","x":"190","y":"336"},{"name":"C13-01","status":"开机","class_name":"balanced","x":"400.0","y":"352.0"},{"name":"C13-02","status":"待料","class_name":"royal","x":"370.0","y":"352.0"},{"name":"A01-04","status":"开机","class_name":"balanced","x":"880.0","y":"64.0"},{"name":"A02-03","status":"待料","class_name":"royal","x":"820.0","y":"96.0"},{"name":"A02-07","status":"开机","class_name":"balanced","x":"1000.0","y":"96.0"},{"name":"A03-03","status":"开机","class_name":"balanced","x":"820.0","y":"112.0"},{"name":"A03-08","status":"开机","class_name":"balanced","x":"1030.0","y":"112.0"},{"name":"A04-02","status":"待料","class_name":"royal","x":"790.0","y":"144.0"},{"name":"A04-07","status":"待料","class_name":"royal","x":"1000.0","y":"144.0"},{"name":"A05-02","status":"开机","class_name":"balanced","x":"790.0","y":"160.0"},{"name":"A05-06","status":"开机","class_name":"balanced","x":"940.0","y":"160.0"},{"name":"A06-02","status":"开机","class_name":"balanced","x":"790.0","y":"192.0"},{"name":"A09-01","status":"开机","class_name":"balanced","x":"760","y":"256"},{"name":"A09-06","status":"开机","class_name":"balanced","x":"940.0","y":"256.0"},{"name":"A09-11","status":"待料","class_name":"royal","x":"1150.0","y":"256.0"},{"name":"A10-03","status":"开机","class_name":"balanced","x":"820.0","y":"288.0"},{"name":"A10-06","status":"待料","class_name":"royal","x":"940.0","y":"288.0"},{"name":"A10-08","status":"开机","class_name":"balanced","x":"1030","y":"288"},{"name":"A11-03","status":"待料","class_name":"royal","x":"820.0","y":"304.0"},{"name":"A11-05","status":"开机","class_name":"balanced","x":"910.0","y":"304.0"},{"name":"A11-08","status":"开机","class_name":"balanced","x":"1030.0","y":"304.0"},{"name":"A11-10","status":"待料","class_name":"royal","x":"1120.0","y":"304.0"},{"name":"A12-01","status":"待料","class_name":"royal","x":"760.0","y":"336.0"},{"name":"C13-03","status":"开机","class_name":"balanced","x":"340.0","y":"352.0"},{"name":"C13-04","status":"开机","class_name":"balanced","x":"250.0","y":"352.0"},{"name":"C13-05","status":"开机","class_name":"balanced","x":"220.0","y":"352.0"},{"name":"C13-06","status":"待料","class_name":"royal","x":"190.0","y":"352.0"},{"name":"C14-01","status":"开机","class_name":"balanced","x":"400.0","y":"384.0"},{"name":"C14-03","status":"开机","class_name":"balanced","x":"340.0","y":"384.0"},{"name":"C14-04","status":"开机","class_name":"balanced","x":"250.0","y":"384.0"},{"name":"C14-05","status":"待料","class_name":"royal","x":"220.0","y":"384.0"},{"name":"C15-02","status":"开机","class_name":"balanced","x":"370.0","y":"400.0"},{"name":"C15-03","status":"开机","class_name":"balanced","x":"340.0","y":"400.0"},{"name":"C15-04","status":"开机","class_name":"balanced","x":"250.0","y":"400.0"},{"name":"C15-06","status":"离线","class_name":"dark","x":"190","y":"400"},{"name":"C16-01","status":"开机","class_name":"balanced","x":"400.0","y":"432.0"},{"name":"C16-02","status":"待料","class_name":"royal","x":"370.0","y":"432.0"},{"name":"A13-04","status":"开机","class_name":"balanced","x":"880.0","y":"352.0"},{"name":"A13-08","status":"开机","class_name":"balanced","x":"1030.0","y":"352.0"},{"name":"A16-12","status":"待料","class_name":"royal","x":"1180.0","y":"432.0"},{"name":"A17-05","status":"开机","class_name":"balanced","x":"910.0","y":"448.0"},{"name":"A17-09","status":"待料","class_name":"royal","x":"1060.0","y":"448.0"},{"name":"B01-05","status":"待料","class_name":"royal","x":"520.0","y":"16.0"},{"name":"B02-03","status":"开机","class_name":"balanced","x":"580.0","y":"32.0"},{"name":"B03-01","status":"待料","class_name":"royal","x":"670.0","y":"64.0"},{"name":"B03-05","status":"待料","class_name":"royal","x":"550.0","y":"64.0"},{"name":"B04-01","status":"待料","class_name":"royal","x":"670.0","y":"80.0"},{"name":"B04-06","status":"待料","class_name":"royal","x":"520.0","y":"80.0"},{"name":"B05-03","status":"待料","class_name":"royal","x":"580.0","y":"144.0"},{"name":"B06-01","status":"待料","class_name":"royal","x":"640","y":"160"},{"name":"B10-04","status":"待料","class_name":"royal","x":"520.0","y":"256.0"},{"name":"B11-03","status":"开机","class_name":"balanced","x":"580.0","y":"288.0"},{"name":"B13-03","status":"开机","class_name":"balanced","x":"580.0","y":"336.0"},{"name":"B14-02","status":"开机","class_name":"balanced","x":"610.0","y":"352.0"},{"name":"B15-01","status":"待料","class_name":"royal","x":"640.0","y":"384.0"},{"name":"B15-05","status":"待料","class_name":"royal","x":"490.0","y":"384.0"},{"name":"B16-03","status":"开机","class_name":"balanced","x":"580.0","y":"400.0"},{"name":"B17-02","status":"待料","class_name":"royal","x":"610.0","y":"432.0"},{"name":"B18-01","status":"待料","class_name":"royal","x":"640.0","y":"448.0"},{"name":"B18-05","status":"开机","class_name":"balanced","x":"490","y":"448"},{"name":"B19-03","status":"待料","class_name":"royal","x":"580.0","y":"480.0"},{"name":"B20-01","status":"待料","class_name":"royal","x":"640.0","y":"496.0"},{"name":"B20-06","status":"待料","class_name":"royal","x":"460.0","y":"496.0"},{"name":"C01-04","status":"开机","class_name":"balanced","x":"280","y":"16"},{"name":"C05-02","status":"开机","class_name":"balanced","x":"370.0","y":"144.0"},{"name":"C05-06","status":"开机","class_name":"balanced","x":"190.0","y":"144.0"},{"name":"C06-05","status":"开机","class_name":"balanced","x":"220.0","y":"176.0"},{"name":"C07-03","status":"开机","class_name":"balanced","x":"310.0","y":"208.0"},{"name":"C07-07","status":"开机","class_name":"balanced","x":"160","y":"208"},{"name":"C08-02","status":"开机","class_name":"balanced","x":"370.0","y":"240.0"},{"name":"A13-03","status":"开机","class_name":"balanced","x":"820.0","y":"352.0"},{"name":"A13-07","status":"开机","class_name":"balanced","x":"1000","y":"352"},{"name":"A13-12","status":"开机","class_name":"balanced","x":"1180.0","y":"352.0"},{"name":"A14-04","status":"开机","class_name":"balanced","x":"880.0","y":"384.0"},{"name":"A14-09","status":"开机","class_name":"balanced","x":"1060.0","y":"384.0"},{"name":"A15-04","status":"开机","class_name":"balanced","x":"880.0","y":"400.0"},{"name":"A15-09","status":"开机","class_name":"balanced","x":"1060.0","y":"400.0"},{"name":"A16-02","status":"待料","class_name":"royal","x":"790.0","y":"432.0"},{"name":"A16-06","status":"开机","class_name":"balanced","x":"940.0","y":"432.0"},{"name":"A16-10","status":"开机","class_name":"balanced","x":"1120.0","y":"432.0"},{"name":"A17-03","status":"开机","class_name":"balanced","x":"820.0","y":"448.0"},{"name":"A17-07","status":"开机","class_name":"balanced","x":"1000.0","y":"448.0"},{"name":"A17-12","status":"待料","class_name":"royal","x":"1180.0","y":"448.0"},{"name":"B01-03","status":"待料","class_name":"royal","x":"580.0","y":"16.0"},{"name":"B02-01","status":"开机","class_name":"balanced","x":"640.0","y":"32.0"},{"name":"B02-06","status":"开机","class_name":"balanced","x":"490.0","y":"32.0"},{"name":"B03-03","status":"待料","class_name":"royal","x":"610","y":"64"},{"name":"B03-07","status":"开机","class_name":"balanced","x":"490.0","y":"64.0"},{"name":"B04-04","status":"待料","class_name":"royal","x":"580.0","y":"80.0"},{"name":"B05-01","status":"离线","class_name":"dark","x":"640.0","y":"144.0"},{"name":"B05-05","status":"开机","class_name":"balanced","x":"490.0","y":"144.0"},{"name":"B06-03","status":"待料","class_name":"royal","x":"580.0","y":"160.0"},{"name":"B07-01","status":"待料","class_name":"royal","x":"640.0","y":"192.0"},{"name":"B07-06","status":"开机","class_name":"balanced","x":"460.0","y":"192.0"},{"name":"B08-05","status":"待料","class_name":"royal","x":"490.0","y":"208.0"},{"name":"B09-03","status":"开机","class_name":"balanced","x":"580","y":"240"},{"name":"B10-01","status":"待料","class_name":"royal","x":"640.0","y":"256.0"},{"name":"B10-06","status":"开机","class_name":"balanced","x":"460.0","y":"256.0"},{"name":"B11-05","status":"开机","class_name":"balanced","x":"490.0","y":"288.0"},{"name":"B12-03","status":"开机","class_name":"balanced","x":"581","y":"305"},{"name":"B12-06","status":"开机","class_name":"balanced","x":"460.0","y":"304.0"},{"name":"B13-04","status":"待料","class_name":"royal","x":"520.0","y":"336.0"},{"name":"B14-03","status":"待料","class_name":"royal","x":"580.0","y":"352.0"},{"name":"C03-01","status":"开机","class_name":"balanced","x":"400.0","y":"80.0"},{"name":"C03-06","status":"待料","class_name":"royal","x":"190.0","y":"80.0"},{"name":"A03-09","status":"开机","class_name":"balanced","x":"1060.0","y":"112.0"},{"name":"A04-09","status":"开机","class_name":"balanced","x":"1060.0","y":"144.0"},{"name":"A05-04","status":"开机","class_name":"balanced","x":"880.0","y":"160.0"},{"name":"A05-09","status":"开机","class_name":"balanced","x":"1060.0","y":"160.0"},{"name":"A06-05","status":"开机","class_name":"balanced","x":"910.0","y":"192.0"},{"name":"A06-08","status":"待料","class_name":"royal","x":"1030.0","y":"192.0"},{"name":"A07-03","status":"开机","class_name":"balanced","x":"820.0","y":"208.0"},{"name":"A07-08","status":"开机","class_name":"balanced","x":"1030.0","y":"208.0"},{"name":"A08-04","status":"开机","class_name":"balanced","x":"880.0","y":"240.0"},{"name":"A08-09","status":"开机","class_name":"balanced","x":"1060.0","y":"240.0"},{"name":"A10-10","status":"待料","class_name":"royal","x":"1120.0","y":"288.0"},{"name":"A11-07","status":"待料","class_name":"royal","x":"1000.0","y":"304.0"},{"name":"A11-12","status":"开机","class_name":"balanced","x":"1180.0","y":"304.0"},{"name":"A12-03","status":"开机","class_name":"balanced","x":"820.0","y":"336.0"},{"name":"A12-08","status":"开机","class_name":"balanced","x":"1030.0","y":"336.0"},{"name":"A14-05","status":"开机","class_name":"balanced","x":"910.0","y":"384.0"},{"name":"A14-10","status":"待料","class_name":"royal","x":"1120.0","y":"384.0"},{"name":"A15-01","status":"待料","class_name":"royal","x":"760.0","y":"400.0"},{"name":"A15-06","status":"开机","class_name":"balanced","x":"940.0","y":"400.0"},{"name":"A15-11","status":"待料","class_name":"royal","x":"1150.0","y":"400.0"},{"name":"A16-03","status":"待料","class_name":"royal","x":"820.0","y":"432.0"},{"name":"A16-07","status":"开机","class_name":"balanced","x":"1000.0","y":"432.0"},{"name":"B01-01","status":"开机","class_name":"balanced","x":"640","y":"16"},{"name":"B20-04","status":"开机","class_name":"balanced","x":"520.0","y":"496.0"},{"name":"C04-04","status":"待料","class_name":"royal","x":"280.0","y":"112.0"},{"name":"C05-03","status":"待料","class_name":"royal","x":"310.0","y":"144.0"},{"name":"C06-01","status":"开机","class_name":"balanced","x":"400","y":"176"},{"name":"C06-06","status":"开机","class_name":"balanced","x":"190.0","y":"176.0"},{"name":"C07-04","status":"开机","class_name":"balanced","x":"280.0","y":"208.0"},{"name":"C07-08","status":"待料","class_name":"royal","x":"130.0","y":"208.0"},{"name":"C08-01","status":"开机","class_name":"balanced","x":"400.0","y":"240.0"},{"name":"C08-03","status":"开机","class_name":"balanced","x":"340","y":"240"},{"name":"C09-01","status":"开机","class_name":"balanced","x":"400.0","y":"256.0"},{"name":"C09-02","status":"开机","class_name":"balanced","x":"370.0","y":"256.0"}],
      "xMax":1180,"yMax":496
    }
  ]
}