﻿{"DATA":{"powerOnNums":"625","standbyNums":"51","offlineNums":"3","repairNums":"2","waitfmNums":"5","powerOnRate":22,"macList":[{"name":"B25-01","status":"待机","class_name":"energized","x":"848.0","y":"252.0"},{"name":"B25-04","status":"待机","class_name":"energized","x":"848.0","y":"210.0"},{"name":"A09-05","status":"开机","class_name":"balanced","x":"336.0","y":"378.0"},{"name":"B25-08","status":"开机","class_name":"balanced","x":"848.0","y":"140.0"},{"name":"B26-03","status":"开机","class_name":"balanced","x":"880.0","y":"224.0"},{"name":"B26-06","status":"开机","class_name":"balanced","x":"880.0","y":"182.0"},{"name":"B26-08","status":"开机","class_name":"balanced","x":"880.0","y":"140.0"},{"name":"A09-09","status":"开机","class_name":"balanced","x":"336.0","y":"322.0"},{"name":"A09-12","status":"开机","class_name":"balanced","x":"336.0","y":"280.0"},{"name":"A10-03","status":"开机","class_name":"balanced","x":"368.0","y":"406.0"},{"name":"A10-06","status":"待机","class_name":"energized","x":"368.0","y":"364.0"},{"name":"A10-09","status":"开机","class_name":"balanced","x":"368.0","y":"322.0"},{"name":"A10-12","status":"开机","class_name":"balanced","x":"368.0","y":"280.0"},{"name":"A11-03","status":"开机","class_name":"balanced","x":"400.0","y":"406.0"},{"name":"A11-06","status":"开机","class_name":"balanced","x":"400.0","y":"364.0"},{"name":"A11-09","status":"开机","class_name":"balanced","x":"400.0","y":"322.0"},{"name":"A11-12","status":"开机","class_name":"balanced","x":"400.0","y":"280.0"},{"name":"A12-03","status":"开机","class_name":"balanced","x":"432.0","y":"406.0"},{"name":"A12-06","status":"开机","class_name":"balanced","x":"432.0","y":"364.0"},{"name":"A12-09","status":"开机","class_name":"balanced","x":"432.0","y":"322.0"},{"name":"A12-12","status":"开机","class_name":"balanced","x":"432.0","y":"280.0"},{"name":"A13-03","status":"开机","class_name":"balanced","x":"464.0","y":"406.0"},{"name":"A13-06","status":"开机","class_name":"balanced","x":"464.0","y":"364.0"},{"name":"A13-09","status":"待机","class_name":"energized","x":"464.0","y":"322.0"},{"name":"A13-12","status":"开机","class_name":"balanced","x":"464.0","y":"280.0"},{"name":"A14-03","status":"开机","class_name":"balanced","x":"496.0","y":"406.0"},{"name":"A14-06","status":"开机","class_name":"balanced","x":"496.0","y":"364.0"},{"name":"A20-09","status":"开机","class_name":"balanced","x":"688.0","y":"322.0"},{"name":"A20-12","status":"开机","class_name":"balanced","x":"688.0","y":"280.0"},{"name":"C20-07","status":"开机","class_name":"balanced","x":"688.0","y":"28.0"},{"name":"C21-01","status":"待机","class_name":"energized","x":"720.0","y":"112.0"},{"name":"C21-02","status":"开机","class_name":"balanced","x":"720.0","y":"98.0"},{"name":"C21-04","status":"开机","class_name":"balanced","x":"720.0","y":"70.0"},{"name":"C21-05","status":"开机","class_name":"balanced","x":"720.0","y":"56.0"},{"name":"C21-07","status":"开机","class_name":"balanced","x":"720.0","y":"28.0"},{"name":"A07-01","status":"开机","class_name":"balanced","x":"272.0","y":"434.0"},{"name":"C22-01","status":"开机","class_name":"balanced","x":"752.0","y":"112.0"},{"name":"C22-02","status":"开机","class_name":"balanced","x":"752.0","y":"98.0"},{"name":"C22-04","status":"开机","class_name":"balanced","x":"752.0","y":"70.0"},{"name":"C22-05","status":"开机","class_name":"balanced","x":"752.0","y":"56.0"},{"name":"C22-07","status":"开机","class_name":"balanced","x":"752.0","y":"28.0"},{"name":"C22-08","status":"开机","class_name":"balanced","x":"752.0","y":"14.0"},{"name":"A07-02","status":"开机","class_name":"balanced","x":"272.0","y":"420.0"},{"name":"C23-02","status":"开机","class_name":"balanced","x":"784.0","y":"98.0"},{"name":"C23-04","status":"开机","class_name":"balanced","x":"784.0","y":"70.0"},{"name":"C23-05","status":"开机","class_name":"balanced","x":"784.0","y":"56.0"},{"name":"C23-07","status":"待机","class_name":"energized","x":"784.0","y":"28.0"},{"name":"C23-08","status":"待机","class_name":"energized","x":"784.0","y":"14.0"},{"name":"C24-02","status":"开机","class_name":"balanced","x":"816.0","y":"98.0"},{"name":"C24-03","status":"开机","class_name":"balanced","x":"816.0","y":"84.0"},{"name":"C24-04","status":"开机","class_name":"balanced","x":"816.0","y":"70.0"},{"name":"A14-07","status":"开机","class_name":"balanced","x":"496.0","y":"350.0"},{"name":"A14-09","status":"待机","class_name":"energized","x":"496.0","y":"322.0"},{"name":"A14-12","status":"开机","class_name":"balanced","x":"496.0","y":"280.0"},{"name":"A15-03","status":"开机","class_name":"balanced","x":"528.0","y":"406.0"},{"name":"A15-06","status":"开机","class_name":"balanced","x":"528.0","y":"364.0"},{"name":"A15-09","status":"开机","class_name":"balanced","x":"528.0","y":"322.0"},{"name":"A15-12","status":"开机","class_name":"balanced","x":"528.0","y":"280.0"},{"name":"A16-03","status":"开机","class_name":"balanced","x":"560.0","y":"406.0"},{"name":"A16-06","status":"开机","class_name":"balanced","x":"560.0","y":"364.0"},{"name":"A16-09","status":"开机","class_name":"balanced","x":"560.0","y":"322.0"},{"name":"A16-12","status":"开机","class_name":"balanced","x":"560.0","y":"280.0"},{"name":"A17-03","status":"开机","class_name":"balanced","x":"592.0","y":"406.0"},{"name":"A17-06","status":"开机","class_name":"balanced","x":"592.0","y":"364.0"},{"name":"A17-09","status":"开机","class_name":"balanced","x":"592.0","y":"322.0"},{"name":"A17-12","status":"开机","class_name":"balanced","x":"592.0","y":"280.0"},{"name":"A18-03","status":"开机","class_name":"balanced","x":"624.0","y":"406.0"},{"name":"A18-06","status":"开机","class_name":"balanced","x":"624.0","y":"364.0"},{"name":"A18-09","status":"开机","class_name":"balanced","x":"624.0","y":"322.0"},{"name":"A18-12","status":"开机","class_name":"balanced","x":"624.0","y":"280.0"},{"name":"A19-03","status":"待机","class_name":"energized","x":"656.0","y":"406.0"},{"name":"A19-06","status":"开机","class_name":"balanced","x":"656.0","y":"364.0"},{"name":"A19-09","status":"开机","class_name":"balanced","x":"656.0","y":"322.0"},{"name":"A19-12","status":"开机","class_name":"balanced","x":"656.0","y":"280.0"},{"name":"A20-03","status":"开机","class_name":"balanced","x":"688.0","y":"406.0"},{"name":"A20-06","status":"开机","class_name":"balanced","x":"688.0","y":"364.0"},{"name":"B25-02","status":"待机","class_name":"energized","x":"848.0","y":"238.0"},{"name":"B25-05","status":"开机","class_name":"balanced","x":"848.0","y":"196.0"},{"name":"B25-06","status":"开机","class_name":"balanced","x":"848.0","y":"182.0"},{"name":"B26-01","status":"开机","class_name":"balanced","x":"880.0","y":"252.0"},{"name":"B26-04","status":"待机","class_name":"energized","x":"880.0","y":"210.0"},{"name":"B26-07","status":"待机","class_name":"energized","x":"880.0","y":"154.0"},{"name":"A09-07","status":"开机","class_name":"balanced","x":"336.0","y":"350.0"},{"name":"A09-10","status":"开机","class_name":"balanced","x":"336.0","y":"308.0"},{"name":"A10-01","status":"开机","class_name":"balanced","x":"368.0","y":"434.0"},{"name":"A10-04","status":"开机","class_name":"balanced","x":"368.0","y":"392.0"},{"name":"A10-07","status":"开机","class_name":"balanced","x":"368.0","y":"350.0"},{"name":"A10-10","status":"开机","class_name":"balanced","x":"368.0","y":"308.0"},{"name":"A11-01","status":"开机","class_name":"balanced","x":"400.0","y":"434.0"},{"name":"A11-04","status":"开机","class_name":"balanced","x":"400.0","y":"392.0"},{"name":"A11-07","status":"开机","class_name":"balanced","x":"400.0","y":"350.0"},{"name":"A11-10","status":"开机","class_name":"balanced","x":"400.0","y":"308.0"},{"name":"A12-01","status":"开机","class_name":"balanced","x":"432.0","y":"434.0"},{"name":"A12-04","status":"开机","class_name":"balanced","x":"432.0","y":"392.0"},{"name":"A12-07","status":"开机","class_name":"balanced","x":"432.0","y":"350.0"},{"name":"A12-10","status":"开机","class_name":"balanced","x":"432.0","y":"308.0"},{"name":"A13-01","status":"开机","class_name":"balanced","x":"464.0","y":"434.0"},{"name":"A13-04","status":"开机","class_name":"balanced","x":"464.0","y":"392.0"},{"name":"A13-07","status":"开机","class_name":"balanced","x":"464.0","y":"350.0"},{"name":"A13-10","status":"开机","class_name":"balanced","x":"464.0","y":"308.0"},{"name":"A14-01","status":"开机","class_name":"balanced","x":"496.0","y":"434.0"},{"name":"A14-04","status":"开机","class_name":"balanced","x":"496.0","y":"392.0"},{"name":"B17-05","status":"开机","class_name":"balanced","x":"592.0","y":"196.0"},{"name":"A08-09","status":"开机","class_name":"balanced","x":"304.0","y":"322.0"},{"name":"B18-01","status":"开机","class_name":"balanced","x":"624.0","y":"252.0"},{"name":"B18-04","status":"开机","class_name":"balanced","x":"624.0","y":"210.0"},{"name":"B18-07","status":"开机","class_name":"balanced","x":"624.0","y":"168.0"},{"name":"B18-09","status":"开机","class_name":"balanced","x":"624.0","y":"140.0"},{"name":"B19-03","status":"开机","class_name":"balanced","x":"656.0","y":"224.0"},{"name":"B19-06","status":"开机","class_name":"balanced","x":"656.0","y":"182.0"},{"name":"B19-09","status":"开机","class_name":"balanced","x":"656.0","y":"140.0"},{"name":"B20-02","status":"开机","class_name":"balanced","x":"688.0","y":"238.0"},{"name":"B20-05","status":"开机","class_name":"balanced","x":"688.0","y":"196.0"},{"name":"B20-08","status":"开机","class_name":"balanced","x":"688.0","y":"154.0"},{"name":"A08-12","status":"开机","class_name":"balanced","x":"304.0","y":"280.0"},{"name":"B21-04","status":"待机","class_name":"energized","x":"720.0","y":"210.0"},{"name":"B21-07","status":"开机","class_name":"balanced","x":"720.0","y":"168.0"},{"name":"B22-01","status":"开机","class_name":"balanced","x":"752.0","y":"252.0"},{"name":"B22-03","status":"开机","class_name":"balanced","x":"752.0","y":"224.0"},{"name":"B23-01","status":"开机","class_name":"balanced","x":"784.0","y":"252.0"},{"name":"A09-02","status":"开机","class_name":"balanced","x":"336.0","y":"420.0"},{"name":"B23-06","status":"待料","class_name":"royal","x":"784.0","y":"182.0"},{"name":"B23-09","status":"开机","class_name":"balanced","x":"784.0","y":"140.0"},{"name":"B22-06","status":"开机","class_name":"balanced","x":"752.0","y":"182.0"},{"name":"B24-02","status":"开机","class_name":"balanced","x":"816.0","y":"238.0"},{"name":"A09-03","status":"待机","class_name":"energized","x":"336.0","y":"406.0"},{"name":"B24-07","status":"待机","class_name":"energized","x":"816.0","y":"168.0"},{"name":"A19-07","status":"开机","class_name":"balanced","x":"656.0","y":"350.0"},{"name":"A19-10","status":"开机","class_name":"balanced","x":"656.0","y":"308.0"},{"name":"A20-01","status":"开机","class_name":"balanced","x":"688.0","y":"434.0"},{"name":"A20-04","status":"开机","class_name":"balanced","x":"688.0","y":"392.0"},{"name":"A20-07","status":"开机","class_name":"balanced","x":"688.0","y":"350.0"},{"name":"A20-10","status":"开机","class_name":"balanced","x":"688.0","y":"308.0"},{"name":"C20-06","status":"开机","class_name":"balanced","x":"688.0","y":"42.0"},{"name":"B17-07","status":"开机","class_name":"balanced","x":"592.0","y":"168.0"},{"name":"B17-08","status":"开机","class_name":"balanced","x":"592.0","y":"154.0"},{"name":"B18-02","status":"开机","class_name":"balanced","x":"624.0","y":"238.0"},{"name":"B18-05","status":"开机","class_name":"balanced","x":"624.0","y":"196.0"},{"name":"B18-08","status":"开机","class_name":"balanced","x":"624.0","y":"154.0"},{"name":"B19-01","status":"开机","class_name":"balanced","x":"656.0","y":"252.0"},{"name":"B19-04","status":"开机","class_name":"balanced","x":"656.0","y":"210.0"},{"name":"B19-07","status":"开机","class_name":"balanced","x":"656.0","y":"168.0"},{"name":"A08-11","status":"开机","class_name":"balanced","x":"304.0","y":"294.0"},{"name":"B20-03","status":"开机","class_name":"balanced","x":"688.0","y":"224.0"},{"name":"B20-06","status":"开机","class_name":"balanced","x":"688.0","y":"182.0"},{"name":"B20-09","status":"开机","class_name":"balanced","x":"688.0","y":"140.0"},{"name":"B21-02","status":"开机","class_name":"balanced","x":"720.0","y":"238.0"},{"name":"B21-05","status":"开机","class_name":"balanced","x":"720.0","y":"196.0"},{"name":"B21-08","status":"开机","class_name":"balanced","x":"720.0","y":"154.0"},{"name":"B22-02","status":"开机","class_name":"balanced","x":"752.0","y":"238.0"},{"name":"B22-04","status":"开机","class_name":"balanced","x":"752.0","y":"210.0"},{"name":"B23-02","status":"开机","class_name":"balanced","x":"784.0","y":"238.0"},{"name":"B23-04","status":"开机","class_name":"balanced","x":"784.0","y":"210.0"},{"name":"C24-05","status":"开机","class_name":"balanced","x":"816.0","y":"56.0"},{"name":"C24-07","status":"待机","class_name":"energized","x":"816.0","y":"28.0"},{"name":"C24-08","status":"待机","class_name":"energized","x":"816.0","y":"14.0"},{"name":"C25-02","status":"开机","class_name":"balanced","x":"848.0","y":"98.0"},{"name":"C26-01","status":"开机","class_name":"balanced","x":"880.0","y":"112.0"},{"name":"B01-01","status":"开机","class_name":"balanced","x":"80.0","y":"252.0"},{"name":"A07-04","status":"开机","class_name":"balanced","x":"272.0","y":"392.0"},{"name":"B01-03","status":"开机","class_name":"balanced","x":"80.0","y":"224.0"},{"name":"B01-04","status":"开机","class_name":"balanced","x":"80.0","y":"210.0"},{"name":"B01-06","status":"开机","class_name":"balanced","x":"80.0","y":"182.0"},{"name":"B01-07","status":"开机","class_name":"balanced","x":"80.0","y":"168.0"},{"name":"B01-09","status":"开机","class_name":"balanced","x":"80.0","y":"140.0"},{"name":"B02-01","status":"开机","class_name":"balanced","x":"112.0","y":"252.0"},{"name":"A07-05","status":"开机","class_name":"balanced","x":"272.0","y":"378.0"},{"name":"B02-05","status":"开机","class_name":"balanced","x":"112.0","y":"196.0"},{"name":"B02-07","status":"开机","class_name":"balanced","x":"112.0","y":"168.0"},{"name":"B02-08","status":"待机","class_name":"energized","x":"112.0","y":"154.0"},{"name":"B03-01","status":"开机","class_name":"balanced","x":"144.0","y":"252.0"},{"name":"B03-02","status":"开机","class_name":"balanced","x":"144.0","y":"238.0"},{"name":"B02-04","status":"开机","class_name":"balanced","x":"112","y":"210"},{"name":"B03-03","status":"开机","class_name":"balanced","x":"144.0","y":"224.0"},{"name":"A07-07","status":"开机","class_name":"balanced","x":"272.0","y":"350.0"},{"name":"B03-04","status":"待机","class_name":"energized","x":"144.0","y":"210.0"},{"name":"B03-06","status":"开机","class_name":"balanced","x":"144.0","y":"182.0"},{"name":"B03-07","status":"开机","class_name":"balanced","x":"144.0","y":"168.0"},{"name":"B03-09","status":"开机","class_name":"balanced","x":"144.0","y":"140.0"},{"name":"B04-01","status":"开机","class_name":"balanced","x":"176.0","y":"252.0"},{"name":"B04-03","status":"开机","class_name":"balanced","x":"176.0","y":"224.0"},{"name":"B04-04","status":"开机","class_name":"balanced","x":"176.0","y":"210.0"},{"name":"A21-01","status":"待机","class_name":"energized","x":"720.0","y":"434.0"},{"name":"A21-04","status":"开机","class_name":"balanced","x":"720.0","y":"392.0"},{"name":"A21-07","status":"开机","class_name":"balanced","x":"720.0","y":"350.0"},{"name":"A21-10","status":"开机","class_name":"balanced","x":"720.0","y":"308.0"},{"name":"A22-01","status":"待机","class_name":"energized","x":"752.0","y":"434.0"},{"name":"A22-04","status":"开机","class_name":"balanced","x":"752.0","y":"392.0"},{"name":"A22-07","status":"开机","class_name":"balanced","x":"752.0","y":"350.0"},{"name":"A22-10","status":"开机","class_name":"balanced","x":"752.0","y":"308.0"},{"name":"A23-01","status":"待机","class_name":"energized","x":"784.0","y":"434.0"},{"name":"A23-04","status":"开机","class_name":"balanced","x":"784.0","y":"392.0"},{"name":"A23-07","status":"开机","class_name":"balanced","x":"784.0","y":"350.0"},{"name":"A23-10","status":"开机","class_name":"balanced","x":"784.0","y":"308.0"},{"name":"A24-01","status":"待机","class_name":"energized","x":"816.0","y":"434.0"},{"name":"A24-04","status":"开机","class_name":"balanced","x":"816.0","y":"392.0"},{"name":"A24-07","status":"开机","class_name":"balanced","x":"816.0","y":"350.0"},{"name":"A24-10","status":"开机","class_name":"balanced","x":"816.0","y":"308.0"},{"name":"A25-01","status":"开机","class_name":"balanced","x":"848.0","y":"434.0"},{"name":"A25-04","status":"开机","class_name":"balanced","x":"848.0","y":"392.0"},{"name":"A25-07","status":"开机","class_name":"balanced","x":"848.0","y":"350.0"},{"name":"A25-10","status":"待机","class_name":"energized","x":"848.0","y":"308.0"},{"name":"A26-01","status":"开机","class_name":"balanced","x":"880.0","y":"434.0"},{"name":"A26-04","status":"待机","class_name":"energized","x":"880.0","y":"392.0"},{"name":"A26-07","status":"开机","class_name":"balanced","x":"880.0","y":"350.0"},{"name":"A26-10","status":"开机","class_name":"balanced","x":"880.0","y":"308.0"},{"name":"C08-05","status":"开机","class_name":"balanced","x":"304.0","y":"56.0"},{"name":"C09-03","status":"开机","class_name":"balanced","x":"336.0","y":"84.0"},{"name":"C10-01","status":"开机","class_name":"balanced","x":"368.0","y":"112.0"},{"name":"C10-03","status":"开机","class_name":"balanced","x":"368.0","y":"84.0"},{"name":"C11-01","status":"开机","class_name":"balanced","x":"400.0","y":"112.0"},{"name":"C11-04","status":"开机","class_name":"balanced","x":"400.0","y":"70.0"},{"name":"C11-07","status":"开机","class_name":"balanced","x":"400.0","y":"28.0"},{"name":"C12-01","status":"开机","class_name":"balanced","x":"432.0","y":"112.0"},{"name":"C12-04","status":"开机","class_name":"balanced","x":"432.0","y":"70.0"},{"name":"C13-01","status":"开机","class_name":"balanced","x":"464.0","y":"112.0"},{"name":"A06-05","status":"开机","class_name":"balanced","x":"240.0","y":"378.0"},{"name":"C13-04","status":"开机","class_name":"balanced","x":"464.0","y":"70.0"},{"name":"C13-07","status":"开机","class_name":"balanced","x":"464.0","y":"28.0"},{"name":"C14-02","status":"开机","class_name":"balanced","x":"496.0","y":"98.0"},{"name":"C14-04","status":"开机","class_name":"balanced","x":"496.0","y":"70.0"},{"name":"C14-07","status":"开机","class_name":"balanced","x":"496.0","y":"28.0"},{"name":"C15-02","status":"开机","class_name":"balanced","x":"528.0","y":"98.0"},{"name":"C15-05","status":"开机","class_name":"balanced","x":"528.0","y":"56.0"},{"name":"B15-03","status":"开机","class_name":"balanced","x":"528.0","y":"224.0"},{"name":"A08-07","status":"开机","class_name":"balanced","x":"304.0","y":"350.0"},{"name":"B15-08","status":"开机","class_name":"balanced","x":"528.0","y":"154.0"},{"name":"B16-02","status":"开机","class_name":"balanced","x":"560.0","y":"238.0"},{"name":"B16-05","status":"开机","class_name":"balanced","x":"560.0","y":"196.0"},{"name":"B16-07","status":"开机","class_name":"balanced","x":"560.0","y":"168.0"},{"name":"B17-01","status":"开机","class_name":"balanced","x":"592.0","y":"252.0"},{"name":"B17-04","status":"开机","class_name":"balanced","x":"592.0","y":"210.0"},{"name":"C15-06","status":"开机","class_name":"balanced","x":"528.0","y":"42.0"},{"name":"C16-01","status":"开机","class_name":"balanced","x":"560.0","y":"112.0"},{"name":"A21-03","status":"待机","class_name":"energized","x":"720.0","y":"406.0"},{"name":"A21-06","status":"开机","class_name":"balanced","x":"720.0","y":"364.0"},{"name":"A21-09","status":"开机","class_name":"balanced","x":"720.0","y":"322.0"},{"name":"A21-12","status":"开机","class_name":"balanced","x":"720.0","y":"280.0"},{"name":"A22-03","status":"开机","class_name":"balanced","x":"752.0","y":"406.0"},{"name":"A22-06","status":"开机","class_name":"balanced","x":"752.0","y":"364.0"},{"name":"A22-09","status":"开机","class_name":"balanced","x":"752.0","y":"322.0"},{"name":"A22-12","status":"开机","class_name":"balanced","x":"752.0","y":"280.0"},{"name":"A23-03","status":"开机","class_name":"balanced","x":"784.0","y":"406.0"},{"name":"A23-06","status":"待机","class_name":"energized","x":"784.0","y":"364.0"},{"name":"A23-09","status":"开机","class_name":"balanced","x":"784.0","y":"322.0"},{"name":"A23-12","status":"待料","class_name":"royal","x":"784.0","y":"280.0"},{"name":"A24-03","status":"开机","class_name":"balanced","x":"816.0","y":"406.0"},{"name":"A24-06","status":"开机","class_name":"balanced","x":"816.0","y":"364.0"},{"name":"A24-09","status":"开机","class_name":"balanced","x":"816.0","y":"322.0"},{"name":"A24-12","status":"开机","class_name":"balanced","x":"816","y":"280"},{"name":"A25-03","status":"开机","class_name":"balanced","x":"848.0","y":"406.0"},{"name":"A25-06","status":"开机","class_name":"balanced","x":"848.0","y":"364.0"},{"name":"A25-09","status":"待机","class_name":"energized","x":"848.0","y":"322.0"},{"name":"A25-12","status":"开机","class_name":"balanced","x":"848.0","y":"280.0"},{"name":"A26-03","status":"待机","class_name":"energized","x":"880.0","y":"406.0"},{"name":"A26-06","status":"开机","class_name":"balanced","x":"880.0","y":"364.0"},{"name":"A26-09","status":"待机","class_name":"energized","x":"880.0","y":"322.0"},{"name":"A26-12","status":"开机","class_name":"assertive","x":"880.0","y":"280.0"},{"name":"C09-02","status":"开机","class_name":"balanced","x":"336.0","y":"98.0"},{"name":"C09-05","status":"开机","class_name":"balanced","x":"336.0","y":"56.0"},{"name":"A06-03","status":"开机","class_name":"balanced","x":"240.0","y":"406.0"},{"name":"C10-05","status":"开机","class_name":"balanced","x":"368.0","y":"56.0"},{"name":"C11-03","status":"开机","class_name":"balanced","x":"400.0","y":"84.0"},{"name":"C11-06","status":"开机","class_name":"balanced","x":"400.0","y":"42.0"},{"name":"C11-08","status":"开机","class_name":"balanced","x":"400.0","y":"14.0"},{"name":"C12-03","status":"开机","class_name":"balanced","x":"432.0","y":"84.0"},{"name":"C12-08","status":"开机","class_name":"balanced","x":"432.0","y":"14.0"},{"name":"C12-07","status":"开机","class_name":"balanced","x":"432.0","y":"28.0"},{"name":"C13-03","status":"开机","class_name":"balanced","x":"464.0","y":"84.0"},{"name":"C13-06","status":"开机","class_name":"balanced","x":"464.0","y":"42.0"},{"name":"C14-01","status":"开机","class_name":"balanced","x":"496.0","y":"112.0"},{"name":"A06-06","status":"开机","class_name":"balanced","x":"240","y":"364"},{"name":"C14-06","status":"开机","class_name":"balanced","x":"496.0","y":"42.0"},{"name":"C15-01","status":"开机","class_name":"balanced","x":"528.0","y":"112.0"},{"name":"C15-04","status":"待料","class_name":"royal","x":"528.0","y":"70.0"},{"name":"B15-02","status":"开机","class_name":"balanced","x":"528.0","y":"238.0"},{"name":"B15-05","status":"开机","class_name":"balanced","x":"528.0","y":"196.0"},{"name":"B15-07","status":"开机","class_name":"balanced","x":"528.0","y":"168.0"},{"name":"B16-01","status":"开机","class_name":"balanced","x":"560.0","y":"252.0"},{"name":"B16-04","status":"开机","class_name":"balanced","x":"560.0","y":"210.0"},{"name":"A08-08","status":"待机","class_name":"energized","x":"304.0","y":"336.0"},{"name":"B16-09","status":"开机","class_name":"balanced","x":"560.0","y":"140.0"},{"name":"B17-03","status":"开机","class_name":"balanced","x":"592.0","y":"224.0"},{"name":"A06-08","status":"开机","class_name":"balanced","x":"240.0","y":"336.0"},{"name":"C15-08","status":"开机","class_name":"balanced","x":"528.0","y":"14.0"},{"name":"C16-03","status":"开机","class_name":"balanced","x":"560.0","y":"84.0"},{"name":"C16-04","status":"开机","class_name":"balanced","x":"560.0","y":"70.0"},{"name":"C16-06","status":"开机","class_name":"balanced","x":"560.0","y":"42.0"},{"name":"C16-07","status":"开机","class_name":"balanced","x":"560.0","y":"28.0"},{"name":"C16-08","status":"开机","class_name":"balanced","x":"560.0","y":"14.0"},{"name":"C17-01","status":"开机","class_name":"balanced","x":"592.0","y":"112.0"},{"name":"C17-03","status":"开机","class_name":"balanced","x":"592.0","y":"84.0"},{"name":"C17-04","status":"开机","class_name":"balanced","x":"592.0","y":"70.0"},{"name":"C17-06","status":"开机","class_name":"balanced","x":"592.0","y":"42.0"},{"name":"C17-07","status":"待料","class_name":"royal","x":"592.0","y":"28.0"},{"name":"C18-01","status":"开机","class_name":"balanced","x":"624.0","y":"112.0"},{"name":"A06-10","status":"开机","class_name":"balanced","x":"240.0","y":"308.0"},{"name":"C18-03","status":"开机","class_name":"balanced","x":"624.0","y":"84.0"},{"name":"C18-04","status":"开机","class_name":"balanced","x":"624.0","y":"70.0"},{"name":"C18-06","status":"开机","class_name":"balanced","x":"624.0","y":"42.0"},{"name":"C18-07","status":"开机","class_name":"balanced","x":"624.0","y":"28.0"},{"name":"C19-01","status":"开机","class_name":"balanced","x":"656.0","y":"112.0"},{"name":"C19-02","status":"开机","class_name":"balanced","x":"656.0","y":"98.0"},{"name":"A06-11","status":"开机","class_name":"balanced","x":"240.0","y":"294.0"},{"name":"C19-04","status":"开机","class_name":"balanced","x":"656.0","y":"70.0"},{"name":"C19-06","status":"开机","class_name":"balanced","x":"656","y":"42"},{"name":"C19-07","status":"开机","class_name":"balanced","x":"656.0","y":"28.0"},{"name":"C20-01","status":"开机","class_name":"balanced","x":"688.0","y":"112.0"},{"name":"C20-02","status":"开机","class_name":"balanced","x":"688.0","y":"98.0"},{"name":"C20-04","status":"开机","class_name":"balanced","x":"688.0","y":"70.0"},{"name":"C20-05","status":"开机","class_name":"balanced","x":"688.0","y":"56.0"},{"name":"A14-10","status":"开机","class_name":"balanced","x":"496.0","y":"308.0"},{"name":"A15-01","status":"开机","class_name":"balanced","x":"528.0","y":"434.0"},{"name":"A15-04","status":"开机","class_name":"balanced","x":"528.0","y":"392.0"},{"name":"A15-07","status":"开机","class_name":"balanced","x":"528.0","y":"350.0"},{"name":"A15-10","status":"开机","class_name":"balanced","x":"528.0","y":"308.0"},{"name":"A16-01","status":"开机","class_name":"balanced","x":"560.0","y":"434.0"},{"name":"A16-04","status":"开机","class_name":"balanced","x":"560.0","y":"392.0"},{"name":"A16-07","status":"开机","class_name":"balanced","x":"560.0","y":"350.0"},{"name":"A16-10","status":"开机","class_name":"balanced","x":"560.0","y":"308.0"},{"name":"A17-01","status":"开机","class_name":"balanced","x":"592.0","y":"434.0"},{"name":"A17-04","status":"开机","class_name":"balanced","x":"592.0","y":"392.0"},{"name":"A17-07","status":"开机","class_name":"balanced","x":"592.0","y":"350.0"},{"name":"A17-10","status":"开机","class_name":"balanced","x":"592.0","y":"308.0"},{"name":"A18-01","status":"开机","class_name":"balanced","x":"624.0","y":"434.0"},{"name":"A18-04","status":"开机","class_name":"balanced","x":"624.0","y":"392.0"},{"name":"A18-07","status":"开机","class_name":"balanced","x":"624.0","y":"350.0"},{"name":"A18-10","status":"开机","class_name":"balanced","x":"624.0","y":"308.0"},{"name":"A19-01","status":"开机","class_name":"balanced","x":"656.0","y":"434.0"},{"name":"A19-04","status":"开机","class_name":"balanced","x":"656.0","y":"392.0"},{"name":"B08-02","status":"开机","class_name":"balanced","x":"304.0","y":"238.0"},{"name":"B08-03","status":"开机","class_name":"balanced","x":"304.0","y":"224.0"},{"name":"B08-04","status":"开机","class_name":"balanced","x":"304.0","y":"210.0"},{"name":"B08-05","status":"开机","class_name":"balanced","x":"304.0","y":"196.0"},{"name":"B08-06","status":"开机","class_name":"balanced","x":"304.0","y":"182.0"},{"name":"B08-07","status":"开机","class_name":"balanced","x":"304.0","y":"168.0"},{"name":"B08-08","status":"开机","class_name":"balanced","x":"304.0","y":"154.0"},{"name":"A07-12","status":"离线","class_name":"dark","x":"272.0","y":"280.0"},{"name":"B08-09","status":"开机","class_name":"balanced","x":"304.0","y":"140.0"},{"name":"B09-02","status":"开机","class_name":"balanced","x":"336.0","y":"238.0"},{"name":"B09-03","status":"开机","class_name":"balanced","x":"336.0","y":"224.0"},{"name":"B09-05","status":"开机","class_name":"balanced","x":"336.0","y":"196.0"},{"name":"B09-06","status":"开机","class_name":"balanced","x":"336.0","y":"182.0"},{"name":"B09-08","status":"开机","class_name":"balanced","x":"336.0","y":"154.0"},{"name":"B09-09","status":"开机","class_name":"balanced","x":"336.0","y":"140.0"},{"name":"B10-01","status":"开机","class_name":"balanced","x":"368","y":"252"},{"name":"B10-02","status":"开机","class_name":"balanced","x":"368","y":"238"},{"name":"B10-04","status":"开机","class_name":"balanced","x":"368.0","y":"210.0"},{"name":"B10-05","status":"开机","class_name":"balanced","x":"368.0","y":"196.0"},{"name":"B10-07","status":"开机","class_name":"balanced","x":"368.0","y":"168.0"},{"name":"B10-08","status":"开机","class_name":"balanced","x":"368.0","y":"154.0"},{"name":"B11-01","status":"开机","class_name":"balanced","x":"400.0","y":"252.0"},{"name":"A08-02","status":"开机","class_name":"balanced","x":"304.0","y":"420.0"},{"name":"B11-03","status":"开机","class_name":"balanced","x":"400.0","y":"224.0"},{"name":"B11-04","status":"开机","class_name":"balanced","x":"400.0","y":"210.0"},{"name":"B11-06","status":"开机","class_name":"balanced","x":"400.0","y":"182.0"},{"name":"B13-04","status":"开机","class_name":"balanced","x":"464","y":"210"},{"name":"B13-07","status":"待机","class_name":"energized","x":"464.0","y":"168.0"},{"name":"B14-01","status":"开机","class_name":"balanced","x":"496.0","y":"252.0"},{"name":"B14-04","status":"开机","class_name":"balanced","x":"496.0","y":"210.0"},{"name":"B14-05","status":"开机","class_name":"balanced","x":"496.0","y":"196.0"},{"name":"B14-08","status":"开机","class_name":"balanced","x":"496.0","y":"154.0"},{"name":"A01-08","status":"开机","class_name":"balanced","x":"80.0","y":"336.0"},{"name":"A01-11","status":"开机","class_name":"balanced","x":"80","y":"294"},{"name":"A02-08","status":"开机","class_name":"balanced","x":"112.0","y":"336.0"},{"name":"A02-11","status":"开机","class_name":"balanced","x":"112.0","y":"294.0"},{"name":"A03-08","status":"待机","class_name":"energized","x":"144.0","y":"336.0"},{"name":"A03-11","status":"开机","class_name":"balanced","x":"144.0","y":"294.0"},{"name":"A04-08","status":"开机","class_name":"balanced","x":"176.0","y":"336.0"},{"name":"A04-11","status":"开机","class_name":"balanced","x":"176.0","y":"294.0"},{"name":"A05-02","status":"开机","class_name":"balanced","x":"208.0","y":"420.0"},{"name":"A05-05","status":"开机","class_name":"balanced","x":"208.0","y":"378.0"},{"name":"A05-08","status":"开机","class_name":"balanced","x":"208.0","y":"336.0"},{"name":"C01-01","status":"开机","class_name":"balanced","x":"80.0","y":"112.0"},{"name":"C01-04","status":"开机","class_name":"balanced","x":"80.0","y":"70.0"},{"name":"C02-02","status":"开机","class_name":"balanced","x":"112","y":"98"},{"name":"C02-04","status":"开机","class_name":"balanced","x":"112.0","y":"70.0"},{"name":"C03-02","status":"开机","class_name":"balanced","x":"144.0","y":"98.0"},{"name":"C03-05","status":"开机","class_name":"balanced","x":"144.0","y":"56.0"},{"name":"A05-12","status":"开机","class_name":"balanced","x":"208.0","y":"280.0"},{"name":"B12-09","status":"开机","class_name":"balanced","x":"432.0","y":"140.0"},{"name":"B13-03","status":"开机","class_name":"balanced","x":"464.0","y":"224.0"},{"name":"B13-05","status":"开机","class_name":"balanced","x":"464.0","y":"196.0"},{"name":"B13-08","status":"开机","class_name":"balanced","x":"464.0","y":"154.0"},{"name":"B14-02","status":"开机","class_name":"balanced","x":"496.0","y":"238.0"},{"name":"A08-05","status":"开机","class_name":"balanced","x":"304.0","y":"378.0"},{"name":"B14-06","status":"开机","class_name":"balanced","x":"496.0","y":"182.0"},{"name":"B14-09","status":"开机","class_name":"balanced","x":"496.0","y":"140.0"},{"name":"A01-09","status":"开机","class_name":"balanced","x":"80.0","y":"322.0"},{"name":"A01-12","status":"开机","class_name":"balanced","x":"80.0","y":"280.0"},{"name":"A02-09","status":"开机","class_name":"balanced","x":"112.0","y":"322.0"},{"name":"A02-12","status":"开机","class_name":"balanced","x":"112.0","y":"280.0"},{"name":"A03-09","status":"开机","class_name":"balanced","x":"144.0","y":"322.0"},{"name":"A03-12","status":"开机","class_name":"balanced","x":"144.0","y":"280.0"},{"name":"A04-09","status":"开机","class_name":"balanced","x":"176.0","y":"322.0"},{"name":"A04-12","status":"开机","class_name":"balanced","x":"176.0","y":"280.0"},{"name":"A05-03","status":"开机","class_name":"balanced","x":"208.0","y":"406.0"},{"name":"A05-06","status":"开机","class_name":"balanced","x":"208.0","y":"364.0"},{"name":"A05-09","status":"开机","class_name":"balanced","x":"208.0","y":"322.0"},{"name":"C01-02","status":"开机","class_name":"balanced","x":"80","y":"98"},{"name":"C01-05","status":"开机","class_name":"balanced","x":"80.0","y":"56.0"},{"name":"A05-11","status":"开机","class_name":"balanced","x":"208.0","y":"294.0"},{"name":"C02-05","status":"开机","class_name":"balanced","x":"112.0","y":"56.0"},{"name":"C03-03","status":"开机","class_name":"balanced","x":"144.0","y":"84.0"},{"name":"C04-01","status":"开机","class_name":"balanced","x":"176.0","y":"112.0"},{"name":"C04-03","status":"开机","class_name":"balanced","x":"176.0","y":"84.0"},{"name":"B12-07","status":"开机","class_name":"balanced","x":"432.0","y":"168.0"},{"name":"B13-01","status":"开机","class_name":"balanced","x":"464.0","y":"252.0"},{"name":"A08-04","status":"开机","class_name":"balanced","x":"304.0","y":"392.0"},{"name":"B13-06","status":"开机","class_name":"balanced","x":"464.0","y":"182.0"},{"name":"B13-09","status":"开机","class_name":"balanced","x":"464.0","y":"140.0"},{"name":"B14-03","status":"开机","class_name":"balanced","x":"496.0","y":"224.0"},{"name":"A08-06","status":"开机","class_name":"balanced","x":"304.0","y":"364.0"},{"name":"B14-07","status":"开机","class_name":"balanced","x":"496.0","y":"168.0"},{"name":"A01-07","status":"开机","class_name":"balanced","x":"80.0","y":"350.0"},{"name":"A01-10","status":"开机","class_name":"balanced","x":"80.0","y":"308.0"},{"name":"A02-07","status":"开机","class_name":"balanced","x":"112.0","y":"350.0"},{"name":"A02-10","status":"开机","class_name":"balanced","x":"112.0","y":"308.0"},{"name":"A03-07","status":"开机","class_name":"balanced","x":"144.0","y":"350.0"},{"name":"A03-10","status":"开机","class_name":"balanced","x":"144.0","y":"308.0"},{"name":"A04-07","status":"开机","class_name":"balanced","x":"176.0","y":"350.0"},{"name":"A04-10","status":"开机","class_name":"balanced","x":"176.0","y":"308.0"},{"name":"A05-01","status":"待机","class_name":"energized","x":"208.0","y":"434.0"},{"name":"A05-04","status":"开机","class_name":"balanced","x":"208.0","y":"392.0"},{"name":"A05-07","status":"开机","class_name":"balanced","x":"208.0","y":"350.0"},{"name":"A05-10","status":"开机","class_name":"balanced","x":"208.0","y":"308.0"},{"name":"C01-03","status":"开机","class_name":"balanced","x":"80.0","y":"84.0"},{"name":"C02-01","status":"开机","class_name":"balanced","x":"112.0","y":"112.0"},{"name":"C02-03","status":"开机","class_name":"balanced","x":"112.0","y":"84.0"},{"name":"C03-01","status":"开机","class_name":"balanced","x":"144.0","y":"112.0"},{"name":"C03-04","status":"开机","class_name":"balanced","x":"144.0","y":"70.0"},{"name":"B11-07","status":"开机","class_name":"balanced","x":"400.0","y":"168.0"},{"name":"B11-09","status":"开机","class_name":"balanced","x":"400.0","y":"140.0"},{"name":"B12-01","status":"开机","class_name":"balanced","x":"432.0","y":"252.0"},{"name":"A08-03","status":"开机","class_name":"balanced","x":"304.0","y":"406.0"},{"name":"B12-03","status":"开机","class_name":"balanced","x":"432.0","y":"224.0"},{"name":"B12-05","status":"开机","class_name":"balanced","x":"432.0","y":"196.0"},{"name":"B10-09","status":"开机","class_name":"balanced","x":"368.0","y":"140.0"},{"name":"B11-02","status":"开机","class_name":"balanced","x":"400.0","y":"238.0"},{"name":"B11-05","status":"开机","class_name":"balanced","x":"400.0","y":"196.0"},{"name":"B11-08","status":"开机","class_name":"balanced","x":"400.0","y":"154.0"},{"name":"B12-02","status":"开机","class_name":"balanced","x":"432.0","y":"238.0"},{"name":"B12-04","status":"开机","class_name":"balanced","x":"432.0","y":"210.0"},{"name":"B12-06","status":"开机","class_name":"balanced","x":"432","y":"182"},{"name":"C08-02","status":"开机","class_name":"balanced","x":"304.0","y":"98.0"},{"name":"A06-02","status":"开机","class_name":"balanced","x":"240.0","y":"420.0"},{"name":"C08-03","status":"开机","class_name":"balanced","x":"304.0","y":"84.0"},{"name":"C08-04","status":"开机","class_name":"balanced","x":"304.0","y":"70.0"},{"name":"B09-01","status":"开机","class_name":"balanced","x":"336.0","y":"252.0"},{"name":"B09-04","status":"开机","class_name":"balanced","x":"336.0","y":"210.0"},{"name":"B09-07","status":"开机","class_name":"balanced","x":"336.0","y":"168.0"},{"name":"A08-01","status":"待机","class_name":"energized","x":"304.0","y":"434.0"},{"name":"B10-03","status":"开机","class_name":"balanced","x":"368.0","y":"224.0"},{"name":"B10-06","status":"开机","class_name":"balanced","x":"368.0","y":"182.0"},{"name":"B12-08","status":"开机","class_name":"balanced","x":"432.0","y":"154.0"},{"name":"B13-02","status":"开机","class_name":"balanced","x":"464.0","y":"238.0"},{"name":"B23-07","status":"开机","class_name":"balanced","x":"784.0","y":"168.0"},{"name":"B24-01","status":"开机","class_name":"balanced","x":"816.0","y":"252.0"},{"name":"B22-07","status":"开机","class_name":"balanced","x":"752.0","y":"168.0"},{"name":"B24-03","status":"开机","class_name":"balanced","x":"816.0","y":"224.0"},{"name":"B24-05","status":"开机","class_name":"balanced","x":"816.0","y":"196.0"},{"name":"B24-08","status":"开机","class_name":"balanced","x":"816.0","y":"154.0"},{"name":"C25-01","status":"开机","class_name":"balanced","x":"848.0","y":"112.0"},{"name":"C26-02","status":"开机","class_name":"balanced","x":"880.0","y":"98.0"},{"name":"B01-02","status":"开机","class_name":"balanced","x":"80.0","y":"238.0"},{"name":"B01-05","status":"开机","class_name":"balanced","x":"80.0","y":"196.0"},{"name":"B01-08","status":"待机","class_name":"energized","x":"80.0","y":"154.0"},{"name":"B02-02","status":"开机","class_name":"balanced","x":"112","y":"238"},{"name":"B02-06","status":"开机","class_name":"balanced","x":"112.0","y":"182.0"},{"name":"B02-09","status":"待机","class_name":"energized","x":"112.0","y":"140.0"},{"name":"B02-03","status":"开机","class_name":"balanced","x":"112.0","y":"224.0"},{"name":"A07-06","status":"开机","class_name":"balanced","x":"272.0","y":"364.0"},{"name":"B03-05","status":"开机","class_name":"balanced","x":"144.0","y":"196.0"},{"name":"B03-08","status":"开机","class_name":"balanced","x":"144.0","y":"154.0"},{"name":"B04-02","status":"开机","class_name":"balanced","x":"176.0","y":"238.0"},{"name":"A07-08","status":"开机","class_name":"balanced","x":"272.0","y":"336.0"},{"name":"B04-05","status":"开机","class_name":"balanced","x":"176.0","y":"196.0"},{"name":"B04-07","status":"开机","class_name":"balanced","x":"176.0","y":"168.0"},{"name":"B04-08","status":"开机","class_name":"balanced","x":"176.0","y":"154.0"},{"name":"B05-01","status":"开机","class_name":"balanced","x":"208.0","y":"252.0"},{"name":"B05-02","status":"开机","class_name":"balanced","x":"208.0","y":"238.0"},{"name":"B05-04","status":"开机","class_name":"balanced","x":"208.0","y":"210.0"},{"name":"B05-05","status":"开机","class_name":"balanced","x":"208.0","y":"196.0"},{"name":"B05-06","status":"开机","class_name":"balanced","x":"208.0","y":"182.0"},{"name":"B05-07","status":"待机","class_name":"energized","x":"208.0","y":"168.0"},{"name":"B05-09","status":"开机","class_name":"balanced","x":"208.0","y":"140.0"},{"name":"B06-01","status":"开机","class_name":"balanced","x":"240.0","y":"252.0"},{"name":"B06-03","status":"开机","class_name":"balanced","x":"240.0","y":"224.0"},{"name":"B06-04","status":"开机","class_name":"balanced","x":"240.0","y":"210.0"},{"name":"B06-05","status":"开机","class_name":"balanced","x":"240.0","y":"196.0"},{"name":"B06-06","status":"开机","class_name":"balanced","x":"240.0","y":"182.0"},{"name":"A07-10","status":"开机","class_name":"balanced","x":"272.0","y":"308.0"},{"name":"B06-07","status":"开机","class_name":"balanced","x":"240.0","y":"168.0"},{"name":"B06-08","status":"开机","class_name":"balanced","x":"240.0","y":"154.0"},{"name":"B06-09","status":"开机","class_name":"balanced","x":"240.0","y":"140.0"},{"name":"B07-01","status":"开机","class_name":"balanced","x":"272.0","y":"252.0"},{"name":"B07-02","status":"开机","class_name":"balanced","x":"272.0","y":"238.0"},{"name":"B07-03","status":"开机","class_name":"balanced","x":"272.0","y":"224.0"},{"name":"B07-04","status":"开机","class_name":"balanced","x":"272.0","y":"210.0"},{"name":"B07-05","status":"开机","class_name":"balanced","x":"272.0","y":"196.0"},{"name":"B07-06","status":"开机","class_name":"balanced","x":"272.0","y":"182.0"},{"name":"B07-07","status":"开机","class_name":"balanced","x":"272.0","y":"168.0"},{"name":"A07-11","status":"待机","class_name":"energized","x":"272.0","y":"294.0"},{"name":"B07-08","status":"开机","class_name":"balanced","x":"272.0","y":"154.0"},{"name":"B07-09","status":"开机","class_name":"balanced","x":"272.0","y":"140.0"},{"name":"B08-01","status":"开机","class_name":"balanced","x":"304.0","y":"252.0"},{"name":"A07-03","status":"开机","class_name":"balanced","x":"272.0","y":"406.0"},{"name":"C24-06","status":"开机","class_name":"balanced","x":"816.0","y":"42.0"},{"name":"C04-02","status":"开机","class_name":"balanced","x":"176.0","y":"98.0"},{"name":"B04-06","status":"开机","class_name":"balanced","x":"176.0","y":"182.0"},{"name":"B04-09","status":"开机","class_name":"balanced","x":"176.0","y":"140.0"},{"name":"B05-03","status":"开机","class_name":"assertive","x":"208.0","y":"224.0"},{"name":"A07-09","status":"开机","class_name":"balanced","x":"272.0","y":"322.0"},{"name":"B05-08","status":"开机","class_name":"balanced","x":"208.0","y":"154.0"},{"name":"B06-02","status":"开机","class_name":"balanced","x":"240.0","y":"238.0"},{"name":"C04-04","status":"开机","class_name":"balanced","x":"176.0","y":"70.0"},{"name":"C04-05","status":"开机","class_name":"balanced","x":"176.0","y":"56.0"},{"name":"C05-01","status":"开机","class_name":"balanced","x":"208.0","y":"112.0"},{"name":"C05-02","status":"开机","class_name":"balanced","x":"208.0","y":"98.0"},{"name":"C05-03","status":"待机","class_name":"energized","x":"208.0","y":"84.0"},{"name":"C05-04","status":"开机","class_name":"balanced","x":"208.0","y":"70.0"},{"name":"C05-05","status":"开机","class_name":"balanced","x":"208.0","y":"56.0"},{"name":"C06-01","status":"开机","class_name":"balanced","x":"240.0","y":"112.0"},{"name":"C06-02","status":"开机","class_name":"balanced","x":"240.0","y":"98.0"},{"name":"A06-01","status":"开机","class_name":"balanced","x":"240.0","y":"434.0"},{"name":"C06-03","status":"开机","class_name":"balanced","x":"240.0","y":"84.0"},{"name":"C06-04","status":"开机","class_name":"balanced","x":"240.0","y":"70.0"},{"name":"C06-05","status":"开机","class_name":"balanced","x":"240.0","y":"56.0"},{"name":"C07-01","status":"待机","class_name":"energized","x":"272.0","y":"112.0"},{"name":"C07-02","status":"开机","class_name":"balanced","x":"272.0","y":"98.0"},{"name":"C07-03","status":"开机","class_name":"balanced","x":"272.0","y":"84.0"},{"name":"C07-04","status":"开机","class_name":"balanced","x":"272.0","y":"70.0"},{"name":"C07-05","status":"开机","class_name":"balanced","x":"272.0","y":"56.0"},{"name":"C08-01","status":"开机","class_name":"balanced","x":"304.0","y":"112.0"},{"name":"B17-06","status":"开机","class_name":"balanced","x":"592.0","y":"182.0"},{"name":"B17-09","status":"开机","class_name":"balanced","x":"592.0","y":"140.0"},{"name":"B18-03","status":"待料","class_name":"royal","x":"624.0","y":"224.0"},{"name":"B18-06","status":"开机","class_name":"balanced","x":"624.0","y":"182.0"},{"name":"A08-10","status":"开机","class_name":"balanced","x":"304.0","y":"308.0"},{"name":"B19-02","status":"开机","class_name":"balanced","x":"656.0","y":"238.0"},{"name":"B19-05","status":"开机","class_name":"balanced","x":"656.0","y":"196.0"},{"name":"B19-08","status":"开机","class_name":"balanced","x":"656.0","y":"154.0"},{"name":"B20-01","status":"开机","class_name":"balanced","x":"688.0","y":"252.0"},{"name":"B20-04","status":"开机","class_name":"balanced","x":"688.0","y":"210.0"},{"name":"B20-07","status":"开机","class_name":"balanced","x":"688.0","y":"168.0"},{"name":"B21-01","status":"开机","class_name":"balanced","x":"720.0","y":"252.0"},{"name":"B21-03","status":"开机","class_name":"balanced","x":"720.0","y":"224.0"},{"name":"B21-06","status":"开机","class_name":"balanced","x":"720.0","y":"182.0"},{"name":"B21-09","status":"开机","class_name":"balanced","x":"720.0","y":"140.0"},{"name":"A09-01","status":"离线","class_name":"dark","x":"336.0","y":"434.0"},{"name":"B22-09","status":"开机","class_name":"balanced","x":"752.0","y":"140.0"},{"name":"B23-03","status":"开机","class_name":"balanced","x":"784.0","y":"224.0"},{"name":"B23-05","status":"开机","class_name":"balanced","x":"784.0","y":"196.0"},{"name":"B23-08","status":"开机","class_name":"balanced","x":"784.0","y":"154.0"},{"name":"B22-05","status":"开机","class_name":"balanced","x":"752.0","y":"196.0"},{"name":"B22-08","status":"开机","class_name":"balanced","x":"752.0","y":"154.0"},{"name":"B24-04","status":"开机","class_name":"balanced","x":"816.0","y":"210.0"},{"name":"B24-06","status":"离线","class_name":"dark","x":"816.0","y":"182.0"},{"name":"B24-09","status":"开机","class_name":"balanced","x":"816.0","y":"140.0"},{"name":"B25-03","status":"开机","class_name":"balanced","x":"848.0","y":"224.0"},{"name":"A09-04","status":"开机","class_name":"balanced","x":"336.0","y":"392.0"},{"name":"B25-07","status":"开机","class_name":"balanced","x":"848.0","y":"154.0"},{"name":"B26-02","status":"待机","class_name":"energized","x":"880.0","y":"238.0"},{"name":"B26-05","status":"开机","class_name":"balanced","x":"880.0","y":"196.0"},{"name":"A09-06","status":"开机","class_name":"balanced","x":"336.0","y":"364.0"},{"name":"A09-08","status":"开机","class_name":"balanced","x":"336.0","y":"336.0"},{"name":"A09-11","status":"开机","class_name":"balanced","x":"336.0","y":"294.0"},{"name":"A10-02","status":"开机","class_name":"balanced","x":"368.0","y":"420.0"},{"name":"A10-05","status":"待机","class_name":"energized","x":"368.0","y":"378.0"},{"name":"A10-08","status":"开机","class_name":"balanced","x":"368.0","y":"336.0"},{"name":"A10-11","status":"开机","class_name":"balanced","x":"368.0","y":"294.0"},{"name":"A11-02","status":"开机","class_name":"balanced","x":"400.0","y":"420.0"},{"name":"A11-05","status":"开机","class_name":"balanced","x":"400.0","y":"378.0"},{"name":"A11-08","status":"开机","class_name":"balanced","x":"400.0","y":"336.0"},{"name":"A11-11","status":"开机","class_name":"balanced","x":"400.0","y":"294.0"},{"name":"A12-02","status":"开机","class_name":"balanced","x":"432.0","y":"420.0"},{"name":"A12-05","status":"开机","class_name":"balanced","x":"432.0","y":"378.0"},{"name":"A12-08","status":"开机","class_name":"balanced","x":"432.0","y":"336.0"},{"name":"A12-11","status":"开机","class_name":"balanced","x":"432","y":"294"},{"name":"A13-02","status":"开机","class_name":"balanced","x":"464.0","y":"420.0"},{"name":"A13-05","status":"开机","class_name":"balanced","x":"464.0","y":"378.0"},{"name":"A13-08","status":"开机","class_name":"balanced","x":"464.0","y":"336.0"},{"name":"A13-11","status":"开机","class_name":"balanced","x":"464.0","y":"294.0"},{"name":"A14-02","status":"开机","class_name":"balanced","x":"496.0","y":"420.0"},{"name":"A14-05","status":"开机","class_name":"balanced","x":"496.0","y":"378.0"},{"name":"A14-08","status":"开机","class_name":"balanced","x":"496.0","y":"336.0"},{"name":"A14-11","status":"开机","class_name":"balanced","x":"496.0","y":"294.0"},{"name":"A15-02","status":"开机","class_name":"balanced","x":"528.0","y":"420.0"},{"name":"A15-05","status":"开机","class_name":"balanced","x":"528.0","y":"378.0"},{"name":"A15-08","status":"开机","class_name":"balanced","x":"528.0","y":"336.0"},{"name":"A15-11","status":"开机","class_name":"balanced","x":"528.0","y":"294.0"},{"name":"A16-02","status":"开机","class_name":"balanced","x":"560.0","y":"420.0"},{"name":"A16-05","status":"开机","class_name":"balanced","x":"560.0","y":"378.0"},{"name":"A16-08","status":"开机","class_name":"balanced","x":"560.0","y":"336.0"},{"name":"A16-11","status":"开机","class_name":"balanced","x":"560.0","y":"294.0"},{"name":"A17-02","status":"开机","class_name":"balanced","x":"592.0","y":"420.0"},{"name":"A17-05","status":"开机","class_name":"balanced","x":"592","y":"378"},{"name":"A17-08","status":"开机","class_name":"balanced","x":"592.0","y":"336.0"},{"name":"A17-11","status":"开机","class_name":"balanced","x":"592.0","y":"294.0"},{"name":"A18-02","status":"开机","class_name":"balanced","x":"624.0","y":"420.0"},{"name":"A18-05","status":"开机","class_name":"balanced","x":"624","y":"378"},{"name":"A18-08","status":"开机","class_name":"balanced","x":"624.0","y":"336.0"},{"name":"A18-11","status":"开机","class_name":"balanced","x":"624.0","y":"294.0"},{"name":"A19-02","status":"开机","class_name":"balanced","x":"656.0","y":"420.0"},{"name":"A19-05","status":"开机","class_name":"balanced","x":"656.0","y":"378.0"},{"name":"A19-08","status":"开机","class_name":"balanced","x":"656.0","y":"336.0"},{"name":"A19-11","status":"开机","class_name":"balanced","x":"656.0","y":"294.0"},{"name":"A20-02","status":"开机","class_name":"balanced","x":"688.0","y":"420.0"},{"name":"A20-05","status":"开机","class_name":"balanced","x":"688.0","y":"378.0"},{"name":"A20-08","status":"开机","class_name":"balanced","x":"688.0","y":"336.0"},{"name":"A20-11","status":"开机","class_name":"balanced","x":"688.0","y":"294.0"},{"name":"A21-02","status":"待机","class_name":"energized","x":"720.0","y":"420.0"},{"name":"A21-05","status":"待机","class_name":"energized","x":"720.0","y":"378.0"},{"name":"A21-08","status":"开机","class_name":"balanced","x":"720.0","y":"336.0"},{"name":"A21-11","status":"开机","class_name":"balanced","x":"720.0","y":"294.0"},{"name":"A22-02","status":"待机","class_name":"energized","x":"752.0","y":"420.0"},{"name":"A22-05","status":"开机","class_name":"balanced","x":"752.0","y":"378.0"},{"name":"A22-08","status":"开机","class_name":"balanced","x":"752.0","y":"336.0"},{"name":"A22-11","status":"开机","class_name":"balanced","x":"752.0","y":"294.0"},{"name":"A23-02","status":"开机","class_name":"balanced","x":"784.0","y":"420.0"},{"name":"A23-05","status":"待机","class_name":"energized","x":"784.0","y":"378.0"},{"name":"A23-08","status":"开机","class_name":"balanced","x":"784.0","y":"336.0"},{"name":"A23-11","status":"待机","class_name":"energized","x":"784.0","y":"294.0"},{"name":"A24-02","status":"开机","class_name":"balanced","x":"816.0","y":"420.0"},{"name":"A24-05","status":"开机","class_name":"balanced","x":"816.0","y":"378.0"},{"name":"A24-08","status":"开机","class_name":"balanced","x":"816.0","y":"336.0"},{"name":"A24-11","status":"待机","class_name":"energized","x":"816","y":"294"},{"name":"A25-02","status":"开机","class_name":"balanced","x":"848.0","y":"420.0"},{"name":"A25-05","status":"开机","class_name":"balanced","x":"848.0","y":"378.0"},{"name":"A25-08","status":"开机","class_name":"balanced","x":"848.0","y":"336.0"},{"name":"A25-11","status":"开机","class_name":"balanced","x":"848.0","y":"294.0"},{"name":"A26-02","status":"开机","class_name":"balanced","x":"880.0","y":"420.0"},{"name":"A26-05","status":"开机","class_name":"balanced","x":"880.0","y":"378.0"},{"name":"A26-08","status":"开机","class_name":"balanced","x":"880.0","y":"336.0"},{"name":"A26-11","status":"开机","class_name":"balanced","x":"880.0","y":"294.0"},{"name":"C09-01","status":"开机","class_name":"balanced","x":"336.0","y":"112.0"},{"name":"C09-04","status":"开机","class_name":"balanced","x":"336.0","y":"70.0"},{"name":"C10-02","status":"开机","class_name":"balanced","x":"368.0","y":"98.0"},{"name":"C10-04","status":"开机","class_name":"balanced","x":"368.0","y":"70.0"},{"name":"C11-02","status":"开机","class_name":"balanced","x":"400.0","y":"98.0"},{"name":"C11-05","status":"开机","class_name":"balanced","x":"400.0","y":"56.0"},{"name":"A06-04","status":"开机","class_name":"balanced","x":"240.0","y":"392.0"},{"name":"C12-02","status":"开机","class_name":"balanced","x":"432.0","y":"98.0"},{"name":"C12-05","status":"开机","class_name":"balanced","x":"432.0","y":"56.0"},{"name":"C12-06","status":"开机","class_name":"balanced","x":"432.0","y":"42.0"},{"name":"C13-02","status":"开机","class_name":"balanced","x":"464.0","y":"98.0"},{"name":"C13-05","status":"开机","class_name":"balanced","x":"464.0","y":"56.0"},{"name":"C13-08","status":"开机","class_name":"balanced","x":"464.0","y":"14.0"},{"name":"C14-03","status":"开机","class_name":"balanced","x":"496.0","y":"84.0"},{"name":"C14-05","status":"开机","class_name":"balanced","x":"496.0","y":"56.0"},{"name":"C14-08","status":"开机","class_name":"balanced","x":"496.0","y":"14.0"},{"name":"C15-03","status":"开机","class_name":"balanced","x":"528.0","y":"84.0"},{"name":"B15-01","status":"待机","class_name":"energized","x":"528.0","y":"252.0"},{"name":"B15-04","status":"开机","class_name":"balanced","x":"528.0","y":"210.0"},{"name":"B15-06","status":"开机","class_name":"balanced","x":"528.0","y":"182.0"},{"name":"B15-09","status":"开机","class_name":"balanced","x":"528.0","y":"140.0"},{"name":"B16-03","status":"开机","class_name":"balanced","x":"560.0","y":"224.0"},{"name":"B16-06","status":"开机","class_name":"balanced","x":"560.0","y":"182.0"},{"name":"B16-08","status":"开机","class_name":"balanced","x":"560.0","y":"154.0"},{"name":"B17-02","status":"开机","class_name":"balanced","x":"592.0","y":"238.0"},{"name":"A06-07","status":"开机","class_name":"balanced","x":"240","y":"350"},{"name":"C15-07","status":"开机","class_name":"balanced","x":"528.0","y":"28.0"},{"name":"C16-02","status":"开机","class_name":"balanced","x":"560.0","y":"98.0"},{"name":"C16-05","status":"开机","class_name":"balanced","x":"560.0","y":"56.0"},{"name":"A06-09","status":"开机","class_name":"balanced","x":"240.0","y":"322.0"},{"name":"C17-02","status":"开机","class_name":"balanced","x":"592.0","y":"98.0"},{"name":"C17-05","status":"开机","class_name":"balanced","x":"592.0","y":"56.0"},{"name":"C17-08","status":"开机","class_name":"balanced","x":"592.0","y":"14.0"},{"name":"C18-02","status":"开机","class_name":"balanced","x":"624.0","y":"98.0"},{"name":"C18-05","status":"开机","class_name":"balanced","x":"624.0","y":"56.0"},{"name":"C18-08","status":"开机","class_name":"balanced","x":"624.0","y":"14.0"},{"name":"C19-03","status":"开机","class_name":"balanced","x":"656.0","y":"84.0"},{"name":"C19-05","status":"开机","class_name":"balanced","x":"656.0","y":"56.0"},{"name":"C19-08","status":"开机","class_name":"balanced","x":"656.0","y":"14.0"},{"name":"C20-03","status":"开机","class_name":"balanced","x":"688.0","y":"84.0"},{"name":"A06-12","status":"开机","class_name":"balanced","x":"240.0","y":"280.0"},{"name":"C20-08","status":"开机","class_name":"balanced","x":"688.0","y":"14.0"},{"name":"C21-03","status":"开机","class_name":"balanced","x":"720.0","y":"84.0"},{"name":"C21-06","status":"开机","class_name":"balanced","x":"720.0","y":"42.0"},{"name":"C21-08","status":"开机","class_name":"balanced","x":"720.0","y":"14.0"},{"name":"C22-03","status":"开机","class_name":"balanced","x":"752.0","y":"84.0"},{"name":"C22-06","status":"开机","class_name":"balanced","x":"752.0","y":"42.0"},{"name":"C23-01","status":"开机","class_name":"balanced","x":"784.0","y":"112.0"},{"name":"C23-03","status":"开机","class_name":"balanced","x":"784.0","y":"84.0"},{"name":"C23-06","status":"待机","class_name":"energized","x":"784.0","y":"42.0"},{"name":"C24-01","status":"开机","class_name":"balanced","x":"816.0","y":"112.0"}],"xMax":880,"yMax":434},"RESULT":"PASS"}